Neighborhood Tabulation Area Code (NTA Code),Neighborhood Tabulation Area Name (NTA NAME),Borough Name,Total Population,Population Density (per Sq. Mi.),Total Number of Households,Area (Sq. Mi.),Street Mileage,Home Broadband Adoption (Percentage of Households),"Home Broadband Adoption by Quartiles (High, Medium-High, Medium-Low, Low)",Mobile Broadband Adoption (Percentage of Households),"Mobile broadband adoption by Quartiles (High, Medium-High, Medium-Low, Low)",Mobile Dependent Households (Percentage of Households),"Mobile Dependent Households Categorized by Quartiles (High, Medium-High, Medium-Low, Low)",Residential Broadband Choice Average by NTA,"Residential Broadband Choice Average by Quartiles (High, Medium-High, Medium-Low, Low)",Commercial Fiber ISP Choice Average by NTA,"Commercial Fiber Choice Average by Quartiles (High, Medium-High, Medium-Low, Low)",Commercial Fiber Max ISP Choice by NTA,"Commercial Fiber Max ISP Choice by Quartiles (High, Medium-High, Medium-Low, Low)",Percentage of Blocks without a Commercial Fiber Provider,Percentage of Blocks without a Commercial Fiber Provider by Quartiles,Percentage of Blocks with ISP Reported Speed Availability of >=25 Mbps (Broadband Speed),Percentage of Blocks with ISP Reported Speed Availability of >=900 Mbps,Number of Public Computer Centers with free public Wi-Fi,Public Wi-Fi in NYC Count,Number of Free Public Wi-Fi Access Points in a Pedestrian Corridor,Available Free Public Wi-Fi in a Pedestrian Corridor (Y/N),Estimated Number of Businesses,Number of Households,Total Accounts,Account Density,Account Density Quartile,Population Projections 2050,Households Receiving Benefits,Estimated Lifeline Eligible Households,Supportive Housing (NYCDHS),Low-Income Housing (NYCHA),Presence of IBZs,Number of NYCHA Buildings,Number of Public Schools,Number of DCAS Buildings,Number of NYC H+H Buildings,City Buildings with High Rooftops (7+ Floors) Capacity by Quartile,Street Furniture: FDNY Call Boxes,Street Furniture: Parking Pay Stations,Street Furniture: Bus Stop Shelters,Street Furniture: Bike Shelters,Street Furniture: City Benches,LinkNYC Kiosks,WalkNYC Sign Locations,Poles Reserved by Mobile Telecom Franchisee,Pole with Equipment Installed by Mobile Telecom Franchise,Density of Poles Reserved and with Equipment Installed for Mobile Telecom Franchise,Mobile Telecom Franchise Pole Density Level by Quartile,Empire City Subway Coverage (Percentage),Empire City Subway Coverage (Quartile),Percentage of Households with fewer than 3 broadband options available,Number of Fixed Wireless Providers Available,Estimated Aerial Plant Coverage (Percentage),Estimated Underground Plant Coverage (Percentage),Geographic Variations in Fiber Delivery Modes by NTA,Estimated Underground Utility Conflict Volume,Utility Pole Make-Ready - Estimated Required Number of Moves,Utility Pole Make-Ready - Estimated Relative Volume,NYC Internet Master Plan Open Access Infrastructure Cost Comparison Coefficient,NYC Internet Master Plan Open Access Infrastructure Cost Comparison Coefficient by Quartile,"Fiber Drops, Estimated Relative Costs","Indoor Cabling for Multiple Dwelling Units, Estimated  Relative Costs","Optimal for Unlicensed
Millimeter Wave Fixed Wireless Access as a Residential
Broadband Solution","Percentage Optimal for Unlicensed
Millimeter Wave Fixed Wireless Access as a Residential
Broadband Solution",Estimated number of radio sites for CBRS coverage,Estimated number of radio sites for mmWave coverage in optimal areas,Sample of NTA Field Surveyed? (Y/N),Reviewed for Underground Fiber-to-the-Premise? (Y/N),Reviewed for Aerial Fiber-to-the-Premise? (Y/N),Reviewed for Millimeter Wave Fixed Wireless Access? (Y/N),Field Survey Findings
BK09,Brooklyn Heights-Cobble Hill,Brooklyn,"24,140","67,407.17","11,115",0.36,19,0.85,High,0.82,High,0.04,Medium Low,2.6,High,2,High,6,High,0.27,High,1,1,2,27,17,true,"3,097","11,115","14,212",748,High,"25,509",42,225,0,0,false,0,1,4,0,High,45,65,6,0,10,5,0,6,19,1.32,High,0,N/A,0.25,2,0,0.88,Underground Network Areas,High,4.5,High,1.22,Medium High,High,Low,YES,0.37,174,39,NO,NO,NO,NO,NONE
BK17,Sheepshead Bay-Gerritsen Beach-Manhattan Beach,Brooklyn,"66,293","29,178.73","26,150",2.27,80,0.74,Medium High,0.62,Low,0.04,Medium Low,1.8,Low,1.1,Low,3,Medium High,0.19,Medium High,0.99,0.76,3,18,0,false,"2,474","26,150","28,624",358,Medium Low,"71,948",711,"3,976",0,"2,204",false,7,13,12,0,High,77,122,35,0,7,0,4,11,23,0.43,Medium Low,0,N/A,1,1,0.96,0.53,Above and Underground Network,Average,4,Average,2.45,High,Average,Average,YES,0.25,86,29,NO,NO,NO,NO,NONE
BK19,Brighton Beach,Brooklyn,"34,157","55,432.8","14,557",0.62,23,0.62,Low,0.52,Low,0.04,Medium Low,1.8,Low,1.3,Medium-Low,3,Medium High,0.19,Medium High,0.99,0.76,3,1,0,false,"2,651","14,557","17,208",748,High,"39,608",523,"2,819",0,0,false,0,5,2,1,Medium Low,33,94,14,0,4,0,6,7,5,0.52,Medium Low,0,N/A,0.97,1,0.59,0.83,Above and Underground Network,High,4.5,High,1.43,High,High,Low,YES,0.62,56,8,NO,NO,NO,NO,NONE
BK21,Seagate-Coney Island,Brooklyn,"29,677","21,334.49","11,236",1.39,25,0.59,Low,0.54,Low,0.06,High,1.8,Low,1.2,Low,3,Medium High,0.2,Medium High,0.99,0.76,5,32,0,false,771,"11,236","12,007",480,Medium High,"40,788",748,"2,980",116,"4,098",false,9,5,9,0,Low,31,38,15,0,10,0,4,13,4,0.68,Medium High,0,N/A,1,2,0.63,0.42,Above and Underground Network,Average,4.5,High,1,Medium High,Average,Average,YES,0.36,82,0,YES,NO,YES,YES,"Low make-ready requirements. Some locations had telecom service drops crossing the roadway without proper clearance
Area suitable for fixed wireless."
BK23,West Brighton,Brooklyn,"15,754","50,261.26","8,401",0.31,12,0.61,Low,0.54,Low,0.05,Medium High,1.4,Low,1.5,Medium-High,3,Medium High,0.33,High,1,0.36,0,0,0,false,719,"8,401","9,120",760,High,"19,016",245,846,0,0,false,0,7,0,0,Medium Low,11,18,14,1,1,0,2,2,5,0.58,Medium Low,0,N/A,0.97,1,0.07,0.94,Above and Underground Network,High,4.5,High,0.76,Medium Low,High,Low,YES,0.37,185,35,NO,NO,NO,NO,NONE
BK25,Homecrest,Brooklyn,"44,516","41,381.28","15,528",1.08,36,0.73,Medium High,0.68,Low,0.06,High,2.1,Medium High,1.3,Medium-Low,3,Medium High,0.07,Medium Low,1,0.96,2,1,0,false,"2,165","15,528","17,693",491,Medium High,"52,425",433,"2,767",0,0,false,0,3,9,0,Medium Low,44,178,18,0,5,0,0,5,9,0.39,Low,0,N/A,0.88,2,0.62,0.55,Above and Underground Network,Average,4.5,High,1.52,High,Average,Average,YES,0.11,138,74,NO,NO,NO,NO,NONE
BK26,Gravesend,Brooklyn,"30,288","26,942.47","11,445",1.12,30,0.67,Medium Low,0.64,Low,0.06,High,1.9,Medium Low,1.2,Medium-Low,3,Medium High,0.12,Medium High,1,0.86,2,1,0,false,"2,061","11,445","13,506",450,Medium High,"32,120",513,"2,558",0,"1,765",false,3,10,4,0,Medium Low,45,50,12,0,3,0,0,2,4,0.2,Low,0,N/A,1,1,1,0.44,Above and Underground Network,Average,4,Average,1.14,Medium High,Average,Average,YES,0.41,123,59,NO,NO,NO,NO,NONE
BK27,Bath Beach,Brooklyn,"33,163","45,025.64","11,204",0.74,26,0.75,Medium High,0.71,Medium High,0.04,Medium Low,1.9,Medium Low,1.2,Medium-Low,3,Medium High,0.24,High,0.92,0.69,1,8,0,false,"1,658","11,204","12,862",495,Medium High,"33,499",405,"1,929",0,0,false,0,4,6,0,Medium Low,34,57,9,0,2,0,0,8,8,0.62,Medium High,0,N/A,0.87,2,0.62,0.93,Above and Underground Network,Average,4,Average,1.12,Medium High,Average,Average,YES,0.17,39,5,NO,NO,NO,NO,NONE
BK28,Bensonhurst West,Brooklyn,"91,646","54,747.36","30,079",1.67,51,0.71,Medium High,0.69,Medium Low,0.05,Medium High,2.5,Medium High,1.4,Medium-High,3,Medium High,0.33,High,0.99,0.97,1,0,0,false,"1,990","30,079","32,069",629,Medium High,"97,134","1,063","6,250",0,0,false,0,9,1,0,Medium Low,53,226,18,0,13,0,1,15,9,0.47,Medium Low,0,N/A,0.6,2,0.29,0.97,Above and Underground Network,Average,4.5,High,2.73,High,Average,Average,YES,0.05,49,4,NO,NO,NO,NO,NONE
BK29,Bensonhurst East,Brooklyn,"64,267","50,080.12","22,373",1.28,42,0.71,Medium Low,0.69,Medium Low,0.05,Medium High,2.4,Medium High,1.2,Medium-Low,3,Medium High,0.14,Medium High,1,0.95,2,2,0,false,"2,093","22,373","24,466",583,Medium High,"70,340",859,"4,853",0,0,false,0,10,4,0,Medium Low,59,144,18,0,6,0,1,6,7,0.31,Low,0,N/A,0.51,2,0.58,0.83,Above and Underground Network,Average,4.5,High,2.07,High,Average,Average,YES,0.16,226,13,NO,NO,NO,NO,NONE
BK30,Dyker Heights,Brooklyn,"45,877","42,761.82","14,720",1.07,35,0.74,Medium High,0.72,Medium High,0.04,Medium Low,3.1,High,1.5,Medium-High,3,Medium High,0.04,Low,1,1,2,7,0,false,"1,462","14,720","16,182",462,Medium High,"48,262",472,"3,202",0,0,false,0,5,3,0,Medium Low,43,79,13,0,7,0,0,3,3,0.17,Low,0,N/A,0.07,2,0.87,0.23,Above and Underground Network,Average,4,Average,1.39,Medium High,Average,Average,NO,0,149,4,YES,YES,NO,NO,Average underground interference from existing utilities.
BK31,Bay Ridge,Brooklyn,"79,134","32,870.32","33,320",2.41,87,0.76,Medium High,0.74,Medium High,0.05,Medium High,2.2,Medium High,1.2,Medium-Low,2,Medium Low,0.41,High,0.95,0.95,4,8,0,false,"2,080","33,320","35,400",407,Medium Low,"88,290","1,198","4,091",0,0,false,0,8,8,0,Medium Low,93,201,23,0,12,0,1,14,22,0.41,Low,0,N/A,0.56,3,0.08,0.93,Above and Underground Network,Average,4,Average,3.04,High,Average,Average,YES,0.2,322,46,NO,NO,NO,NO,NONE
BK32,Sunset Park West,Brooklyn,"57,377","31,970.86","16,677",1.79,67,0.66,Medium Low,0.71,Medium High,0.05,Medium High,2.3,Medium High,1.8,High,6,High,0.31,High,1,1,2,18,13,true,"1,871","16,677","18,548",277,Medium Low,"56,750",559,"4,604",0,0,true,0,15,3,0,Medium High,133,74,12,1,23,13,0,12,22,0.51,Medium Low,0,N/A,0.44,2,0.34,0.85,Above and Underground Network,Average,4,Average,1.59,High,Average,Average,YES,0.55,76,0,NO,NO,NO,NO,NONE
BK33,Carroll Gardens-Columbia Street-Red Hook,Brooklyn,"42,463","26,543.74","18,140",1.6,57,0.79,High,0.78,High,0.04,Medium Low,2.7,High,1.2,Medium-Low,2,Medium Low,0.29,High,1,1,3,26,6,true,"1,402","18,140","19,542",343,Medium Low,"43,675",644,"1,723",85,"1,757",true,5,10,3,0,Medium Low,150,59,19,0,12,6,2,13,16,0.51,Medium Low,0,N/A,0.39,2,0.54,0.48,Above and Underground Network,Average,4,Average,1.67,High,Average,Average,YES,0.52,53,13,NO,NO,NO,NO,NONE
BK34,Sunset Park East,Brooklyn,"71,850","73,847.55","19,625",0.97,28,0.68,Medium Low,0.68,Medium Low,0.05,Medium High,3,High,1.4,Medium-High,3,Medium High,0.18,Medium High,1,1,1,0,0,false,"2,389","19,625","22,014",786,High,"76,212",827,"8,086",0,0,false,0,6,7,0,Medium Low,79,135,13,0,5,0,0,7,11,0.64,Medium High,0,N/A,0.19,2,0.5,0.89,Above and Underground Network,High,4.5,High,1.9,High,High,Low,YES,0.29,108,54,NO,NO,NO,NO,NONE
BK35,Stuyvesant Heights,Brooklyn,"67,371","59,805.37","25,660",1.13,41,0.58,Low,0.74,Medium High,0.11,High,2.4,Medium High,1.4,Medium-High,3,Medium High,0.34,High,1,1,5,6,3,true,729,"25,660","26,389",644,High,"66,457","1,426","5,014",140,"3,004",false,13,29,9,0,Medium Low,94,23,40,0,19,3,5,5,17,0.54,Medium Low,0,N/A,0.88,1,0,1,Above and Underground Network,High,4.5,High,2.24,High,High,Low,YES,0.21,95,6,NO,NO,NO,NO,NONE
BK37,Park Slope-Gowanus,Brooklyn,"73,881","48,455.42","31,067",1.52,53,0.86,High,0.86,High,0.04,Medium Low,2.7,High,1.4,Medium-High,3,Medium High,0.27,High,1,1,4,35,27,true,"2,063","31,067","33,130",625,Medium High,"76,920",235,"1,361",188,0,true,0,17,12,0,Medium Low,115,173,15,0,40,27,3,16,30,0.87,Medium High,0,N/A,0.35,2,0.05,0.94,Above and Underground Network,Average,4.5,High,2.83,High,Average,Average,YES,0.54,45,35,NO,NO,NO,NO,NONE
BK38,DUMBO-Vinegar Hill-Downtown Brooklyn-Boerum Hill,Brooklyn,"42,245","41,359.23","18,161",1.02,53,0.81,High,0.8,High,0.05,Medium High,2.5,Medium High,2,High,6,High,0.08,Medium Low,1,1,1,125,106,true,"2,601","18,161","20,762",392,Medium Low,"68,500",795,"2,190",466,"5,098",false,10,24,21,0,High,102,135,31,0,24,21,5,20,24,0.83,Medium High,0,N/A,0.37,2,0,0.94,Underground Network Areas,Average,4.5,High,1.73,High,Average,Average,YES,0.43,111,8,NO,NO,NO,NO,NONE
BK40,Windsor Terrace,Brooklyn,"22,031","43,742.97","9,260",0.5,25,0.82,High,0.77,High,0.04,Medium Low,2.5,Medium High,1.2,Medium-Low,3,Medium High,0.39,High,1,1,1,3,0,false,"1,944","9,260","11,204",448,Medium High,"22,287",192,489,0,0,false,0,7,2,0,Low,44,15,9,0,4,0,0,2,6,0.32,Low,0,N/A,0.62,2,0,1,Underground Network Areas,Average,4,Average,0.95,Medium High,Average,Average,YES,0.21,143,37,NO,NO,NO,NO,NONE
BK41,Kensington-Ocean Parkway,Brooklyn,"37,676","66,091.15","12,228",0.57,20,0.71,Medium High,0.69,Medium Low,0.04,Medium Low,2.3,Medium High,1,Low,2,Medium Low,0.7,High,1,1,1,2,0,false,"1,801","12,228","14,029",701,High,"39,283",247,"2,682",0,0,false,0,5,1,0,Low,37,57,4,0,4,0,1,5,8,0.65,Medium High,0,N/A,0.79,1,0.07,1,Above and Underground Network,Average,4.5,High,1.19,Medium High,Average,Average,YES,0.46,111,11,NO,NO,NO,NO,NONE
BK42,Flatbush,Brooklyn,"108,653","66,937.54","38,532",1.62,54,0.68,Medium Low,0.69,Medium Low,0.05,Medium High,2.5,Medium High,1.5,Medium-High,3,Medium High,0.32,High,1,1,6,9,6,true,"1,517","38,532","40,049",742,High,"110,084","1,663","7,305",52,0,false,0,10,8,0,Medium Low,91,208,22,0,13,6,13,13,16,0.54,Medium Low,0,N/A,0.63,1,0.06,1,Above and Underground Network,High,4.5,High,3.42,High,High,Low,YES,0.51,110,30,NO,NO,NO,NO,NONE
BK43,Midwood,Brooklyn,"53,377","41,568.95","18,840",1.28,38,0.66,Medium Low,0.62,Low,0.06,High,2.7,High,1.5,Medium-High,4,High,0.14,Medium High,1,0.98,2,1,0,false,"1,708","18,840","20,548",541,Medium High,"58,126",526,"3,580",0,0,false,0,6,6,0,Medium Low,49,128,18,0,8,0,1,9,8,0.45,Medium Low,0,N/A,0.28,2,0.84,0.81,Above and Underground Network,Average,4.5,High,1.74,High,Average,Average,YES,0.3,135,50,NO,NO,NO,NO,NONE
BK44,Madison,Brooklyn,"40,122","40,855.94","14,900",0.98,31,0.75,Medium High,0.65,Low,0.05,Medium High,2,Medium High,1.2,Medium-Low,3,Medium High,0.02,Low,1,0.98,2,1,0,false,"2,125","14,900","17,025",549,Medium High,"43,649",408,"2,217",0,0,false,0,3,1,0,Low,39,147,21,1,1,0,3,5,13,0.58,Medium Low,0,N/A,1,2,1,0.44,Above and Underground Network,Average,4.5,High,1.45,High,Average,Average,YES,0.27,87,0,NO,NO,NO,NO,NONE
BK45,Georgetown-Marine Park-Bergen Beach-Mill Basin,Brooklyn,"47,997","19,301.16","16,591",2.49,70,0.76,Medium High,0.69,Medium Low,0.04,Medium Low,2,Medium Low,1.2,Medium-Low,3,Medium High,0.05,Low,0.99,0.93,1,2,0,false,"1,823","16,591","18,414",263,Medium Low,"48,817",244,"1,292",0,0,false,0,7,9,0,Medium Low,37,46,18,0,3,0,1,2,11,0.19,Low,0,N/A,1,1,0.85,0.01,Above and Underground Network,Low,3,Low,1.59,High,Low,High,NO,0.02,115,90,NO,NO,NO,NO,NONE
BK46,Ocean Parkway South,Brooklyn,"21,253","33,321.92","6,855",0.64,21,0.63,Medium Low,0.6,Low,0.06,High,2.9,High,1.1,Low,2,Medium Low,0.1,Medium Low,1,1,0,0,0,false,"2,196","6,855","9,051",431,Medium Low,"24,192",170,"1,295",0,0,false,0,1,0,0,Low,18,51,4,0,0,0,0,1,2,0.14,Low,0,N/A,0.11,1,0.8,1,Above and Underground Network,Average,4,Average,0.77,Medium Low,Average,Average,YES,0.12,100,32,YES,YES,NO,NO,Average to high underground interference from existing utilities.
BK50,Canarsie,Brooklyn,"88,367","30,008.6","28,895",2.94,81,0.77,High,0.76,High,0.04,Medium Low,2.1,Medium High,1.4,Medium-High,3,Medium High,0.07,Medium Low,0.99,0.94,1,2,0,false,997,"28,895","29,892",369,Medium Low,"86,082","1,101","4,304",0,"3,205",true,5,21,13,0,Low,109,98,21,0,10,0,2,18,16,0.42,Medium Low,0,N/A,0.85,2,0.98,0,Above and Underground Network,Average,4,Average,2.54,High,Average,Average,YES,0.06,63,24,YES,YES,YES,NO,"High make-ready requirements. Of the sample poles surveyed 33% required make-ready, and 33% required pole replacement. 
General findings for this area include; the presence of call boxes and low voltage wires on pole lines, and spacing issues with current utility attachments in the telecom space."
BK58,Flatlands,Brooklyn,"72,540","37,216.58","23,087",1.95,64,0.76,Medium High,0.7,Medium Low,0.04,Medium Low,2.4,Medium High,1.5,Medium-High,4,High,0.08,Medium Low,1,0.95,3,2,0,false,"1,596","23,087","24,683",386,Medium Low,"68,335",810,"2,939",0,"1,188",true,2,4,15,0,Low,70,156,21,0,12,0,8,8,2,0.16,Low,0,N/A,0.47,3,1,0.08,Above and Underground Network,Average,4,Average,2.11,High,Average,Average,YES,0.03,66,21,NO,NO,NO,NO,NONE
BK60,Prospect Lefferts Gardens-Wingate,Brooklyn,"69,363","61,122.1","26,574",1.13,32,0.65,Medium Low,0.64,Low,0.04,Medium Low,2.7,High,1.7,High,4,High,0.21,Medium High,1,1,3,20,9,true,899,"26,574","27,473",859,High,"78,810","1,295","4,054",151,266,false,1,15,7,2,Medium Low,91,81,33,0,23,9,15,9,17,0.81,Medium High,0,N/A,0.52,1,0.19,1,Above and Underground Network,High,4.5,High,2.35,High,High,Low,YES,0.7,109,12,NO,NO,NO,NO,NONE
BK61,Crown Heights North,Brooklyn,"107,134","57,864.19","45,959",1.85,62,0.63,Medium Low,0.71,Medium High,0.06,High,2.4,Medium High,1.4,Medium-High,3,Medium High,0.23,High,1,1,7,44,27,true,769,"43,928","44,697",721,High,"120,199","2,912","8,146",179,"4,194",false,11,23,29,0,Medium High,114,95,53,0,29,27,19,18,35,0.85,Medium High,0,N/A,0.66,2,0.24,1,Above and Underground Network,High,4.5,High,3.76,High,High,Low,YES,0.56,53,34,NO,NO,NO,NO,NONE
BK63,Crown Heights South,Brooklyn,"41,962","73,165.02","13,079",0.57,20,0.68,Medium Low,0.65,Low,0.04,Medium Low,2.4,Medium High,1.5,Medium-High,3,Medium High,0.33,High,1,1,0,11,8,true,780,"15,110","15,890",795,High,"45,185",719,"2,725",0,0,false,0,14,11,0,Low,43,52,14,0,21,8,5,7,11,0.9,Medium High,0,N/A,0.69,2,0.01,1,Above and Underground Network,High,4.5,High,1.34,Medium High,High,Low,YES,0.54,45,38,NO,NO,NO,NO,NONE
BK64,Prospect Heights,Brooklyn,"20,493","55,846.77","9,419",0.37,13,0.85,High,0.84,High,0.02,Low,3,High,2.2,High,4,High,0.12,Medium High,1,1,0,15,14,true,"1,173","9,419","10,592",815,High,"26,853",236,559,54,0,false,0,5,4,0,Medium Low,31,48,7,0,12,14,5,2,13,1.15,High,0,N/A,0.16,1,0,1,Underground Network Areas,High,4.5,High,0.89,Medium High,High,Low,YES,0.46,110,0,NO,NO,NO,NO,NONE
BK68,Fort Greene,Brooklyn,"30,288","51,230.88","12,863",0.59,24,0.75,Medium High,0.75,Medium High,0.04,Medium Low,2.5,High,2,High,4,High,0.06,Medium Low,1,1,2,46,20,true,"1,779","12,863","14,642",610,Medium High,"35,169",700,"1,753",59,"3,799",false,5,12,4,2,High,47,39,14,1,10,6,6,6,15,0.88,Medium High,0,N/A,0.41,1,0,1,Underground Network Areas,Average,4.5,High,1.22,Medium High,Average,Average,YES,0.86,78,0,YES,YES,NO,NO,Average underground interference from existing utilities.
BK69,Clinton Hill,Brooklyn,"38,655","52,498.59","16,212",0.74,27,0.75,Medium High,0.79,High,0.04,Medium Low,2.8,High,1.7,High,4,High,0.16,Medium High,1,1,3,15,9,true,"1,188","16,212","17,400",644,High,"42,908",371,"1,251",78,0,false,0,11,6,0,Low,73,51,17,0,33,9,9,5,12,0.63,Medium High,0,N/A,0.35,1,0,1,Underground Network Areas,High,4.5,High,1.45,High,High,Low,YES,0.61,149,34,NO,NO,NO,NO,NONE
BK72,Williamsburg,Brooklyn,"33,767","81,227.34","8,339",0.42,19,0.23,Low,0.34,Low,0.04,Medium Low,2.3,Medium High,1.1,Low,2,Medium Low,0.5,High,1,1,1,1,0,false,"1,840","8,339","10,179",536,Medium High,"44,875",580,"4,469",0,"1,269",false,4,6,2,0,Medium Low,40,22,7,0,2,0,3,6,6,0.63,Medium High,0,N/A,0.59,1,0,1,Underground Network Areas,Average,4.5,High,0.86,Medium Low,Average,Average,YES,0.83,82,0,NO,NO,NO,NO,NONE
BK73,North Side-South Side,Brooklyn,"54,330","52,467.36","23,862",1.04,41,0.75,Medium High,0.8,High,0.04,Medium Low,2.6,High,1.3,Medium-Low,3,Medium High,0.32,High,1,1,1,40,29,true,"1,875","23,862","25,737",628,Medium High,"80,903",894,"2,773",0,727,true,4,11,6,0,Medium Low,94,60,5,0,15,26,16,17,11,0.68,Medium High,0,N/A,0.38,2,0,0.92,Underground Network Areas,High,4.5,High,2.14,High,High,Low,YES,0.8,159,4,NO,NO,NO,NO,NONE
BK75,Bedford,Brooklyn,"75,318","64,354.26","26,135",1.17,40,0.6,Low,0.69,Medium Low,0.07,High,2.7,High,1.4,Medium-High,3,Medium High,0.27,High,1,1,5,11,4,true,"1,061","26,135","27,196",680,High,"82,022","1,907","6,073",76,"4,342",false,13,18,12,0,Medium High,92,19,29,0,19,4,7,6,25,0.78,Medium High,0,N/A,0.6,1,0,1,Underground Network Areas,Average,4.5,High,2.32,High,Average,Average,YES,0.55,282,103,NO,NO,NO,NO,NONE
BK76,Greenpoint,Brooklyn,"33,351","26,320.88","16,223",1.27,39,0.73,Medium High,0.78,High,0.05,Medium High,2.7,High,1.4,Medium-High,2,Medium Low,0.17,Medium High,1,1,1,15,12,true,"1,675","16,223","17,898",459,Medium High,"55,096",288,"1,202",0,0,true,0,6,1,0,Low,79,52,4,0,3,12,1,3,9,0.31,Low,0,N/A,0.2,1,0.36,0.68,Above and Underground Network,Average,4.5,High,1.5,High,Average,Average,YES,0.53,81,21,NO,NO,NO,NO,NONE
BK77,Bushwick North,Brooklyn,"60,834","68,038.22","19,367",0.89,31,0.56,Low,0.77,High,0.16,High,3,High,1.3,Medium-Low,3,Medium High,0.19,Medium High,1,1,2,10,0,false,"1,073","19,367","20,440",659,High,"64,610",987,"5,105",0,276,true,0,18,3,0,Medium Low,78,60,10,0,12,0,0,10,21,1,Medium High,0,N/A,0.34,2,0.24,0.76,Above and Underground Network,Average,4.5,High,1.73,High,Average,Average,YES,0.21,104,13,NO,NO,NO,NO,NONE
BK78,Bushwick South,Brooklyn,"75,003","52,056.56","26,616",1.44,47,0.55,Low,0.69,Medium Low,0.12,High,2.5,Medium High,1.3,Medium-Low,2,Medium Low,0.39,High,1,1,6,9,3,true,"1,000","26,616","27,616",588,Medium High,"89,551","1,560","5,918",70,"5,032",true,9,23,4,3,Medium High,127,55,15,0,17,3,0,2,27,0.62,Medium High,0,N/A,0.69,2,0,1,Underground Network Areas,Average,4.5,High,2.32,High,Average,Average,YES,0.37,60,13,NO,NO,NO,NO,NONE
BK79,Ocean Hill,Brooklyn,"34,025","47,218.57","13,004",0.72,32,0.58,Low,0.76,High,0.04,Medium Low,2.3,Medium High,1.2,Medium-Low,2,Medium Low,0.5,High,1,1,1,13,9,true,508,"13,004","13,512",422,Medium Low,"36,888",814,"3,054",187,0,true,5,15,7,0,Medium Low,69,11,15,0,4,9,1,3,16,0.59,Medium Low,0,N/A,0.79,1,0.66,1,Above and Underground Network,Average,4.5,High,1.13,Medium High,Average,Average,YES,0.42,144,13,NO,NO,NO,NO,NONE
BK81,Brownsville,Brooklyn,"60,124","51,231.34","21,467",1.17,42,0.57,Low,0.61,Low,0.08,High,2.5,Medium High,1.2,Medium-Low,3,Medium High,0.33,High,1,0.99,7,11,0,false,763,"21,467","22,230",529,Medium High,"67,556","2,698","6,480",73,"7,636",true,18,29,7,0,Medium High,95,59,34,0,25,0,0,8,26,0.81,Medium High,0,N/A,0.54,2,0.43,1,Above and Underground Network,Average,4.5,High,1.91,High,Average,Average,YES,0.43,81,4,YES,YES,NO,YES,"High underground interference from existing utilities.  
Area suitable for fixed wireless, NYCHA buildings to be used are wireless hub locations."
BK82,East New York,Brooklyn,"94,448","22,495.35","33,393",4.2,123,0.67,Medium Low,0.74,Medium High,0.06,High,1.9,Medium Low,1.8,High,3,Medium High,0.11,Medium High,0.99,0.87,5,15,4,true,726,"33,393","34,119",277,Medium Low,"113,552","2,842","8,813",110,"6,605",true,12,31,31,0,Medium High,301,28,33,0,15,4,1,24,32,0.46,Medium Low,0,N/A,0.99,2,0.6,0.71,Above and Underground Network,Average,4,Average,2.86,High,Average,Average,YES,0.17,102,2,YES,YES,YES,YES,"Average underground interference from existing utilities.  
Average make-ready requirements. Of the sample poles surveyed 66% required make-ready, and 17% required pole replacement. 
General findings for this area include; boxed utilities in some locations, and spacing issues with current utility attachments in the telecom space.
Additionally, some locations had power service drops and telecom service drops crossing in the same space without proper clearance between the two. 
Area suitable for fixed wireless."
BK83,Cypress Hills-City Line,Brooklyn,"48,899","49,377.63","14,481",0.99,39,0.7,Medium Low,0.77,High,0.04,Medium Low,2,Medium High,1.9,High,3,Medium High,0.02,Low,1,0.9,2,10,8,true,923,"14,481","15,404",395,Medium Low,"54,861",671,"3,703",0,0,false,0,6,2,0,Medium Low,99,57,6,0,6,8,0,4,7,0.28,Low,0,N/A,0.96,2,0.81,0.58,Above and Underground Network,Average,4,Average,1.29,Medium High,Average,Average,NO,0.02,140,0,NO,NO,NO,NO,NONE
BK85,East New York (Pennsylvania Ave),Brooklyn,"29,447","42,324.07","10,270",0.7,26,0.6,Low,0.71,Medium High,0.08,High,1.8,Low,1.8,High,3,Medium High,0,Low,1,0.79,1,0,0,false,"1,040","10,270","11,310",435,Medium Low,"33,520","1,366","2,858",0,"1,555",true,2,14,5,1,Medium Low,80,0,17,0,6,0,0,4,18,0.85,Medium High,0,N/A,1,2,0.27,1,Above and Underground Network,Average,4,Average,0.95,Medium High,Average,Average,YES,0.2,56,29,NO,NO,NO,NO,NONE
BK88,Borough Park,Brooklyn,"105,913","54,677.41","26,710",1.94,59,0.42,Low,0.47,Low,0.06,High,2.5,Medium High,1.5,Medium-High,4,High,0.29,High,1,1,5,8,0,false,"2,590","26,710","29,300",497,Medium High,"117,080","1,390","10,543",0,0,false,0,13,13,0,Medium Low,112,227,23,0,13,0,0,21,25,0.78,Medium High,0,N/A,0.48,2,0.27,0.92,Above and Underground Network,Average,4.5,High,2.57,High,Average,Average,YES,0.1,130,51,NO,NO,NO,NO,NONE
BK90,East Williamsburg,Brooklyn,"35,985","25,630.75","16,075",1.4,43,0.72,Medium High,0.74,Medium High,0.05,Medium High,2.6,High,1.3,Medium-Low,3,Medium High,0.18,Medium High,1,1,3,22,18,true,"2,198","16,075","18,273",425,Medium Low,"40,041",616,"2,287",75,"2,839",true,6,7,4,1,Medium High,100,69,28,1,8,18,2,3,14,0.4,Low,0,N/A,0.35,1,0.07,0.47,Above and Underground Network,Average,4,Average,1.56,High,Average,Average,YES,0.56,78,23,NO,NO,NO,NO,NONE
BK91,East Flatbush-Farragut,Brooklyn,"53,535","43,437.67","18,443",1.23,38,0.73,Medium High,0.71,Medium High,0.04,Medium Low,2.9,High,1.2,Medium-Low,3,Medium High,0.08,Medium Low,1,1,2,7,5,true,948,"18,443","19,391",510,Medium High,"52,416",576,"2,572",0,0,true,0,7,6,0,Medium Low,72,38,6,0,15,5,1,13,11,0.63,Medium High,0,N/A,0.08,1,0.48,0.7,Above and Underground Network,Average,4,Average,1.67,High,Average,Average,YES,0.06,64,40,NO,NO,NO,NO,NONE
BK93,Starrett City,Brooklyn,"12,388","29,776.61","6,485",0.42,12,0.56,Low,0.53,Low,0.06,High,1.2,Low,1.2,Low,2,Medium Low,0.71,High,1,0.13,1,0,0,false,185,"6,485","6,670",556,Medium High,"13,957",683,"1,331",0,293,false,1,4,0,0,None,35,0,8,0,2,0,1,0,1,0.08,Low,0,N/A,0.99,2,0.05,0.64,Above and Underground Network,High,4.5,High,0.56,Medium Low,High,Low,YES,0.32,159,0,NO,NO,NO,NO,NONE
BK95,Erasmus,Brooklyn,"29,149","55,959.26","10,137",0.52,17,0.64,Medium Low,0.6,Low,0.06,High,2.2,Medium High,1.4,Medium-High,3,Medium High,0.31,High,1,1,0,12,11,true,"1,290","10,137","11,427",672,High,"32,506",532,"2,070",45,0,false,0,10,3,0,Low,45,76,10,0,7,11,2,3,11,0.82,Medium High,0,N/A,0.89,1,0.5,1,Above and Underground Network,Average,4.5,High,0.97,Medium High,Average,Average,YES,0.43,245,8,NO,NO,NO,NO,NONE
BK96,Rugby-Remsen Village,Brooklyn,"55,951","47,693.66","20,724",1.17,45,0.66,Medium Low,0.69,Medium Low,0.05,Medium High,2.8,High,1.2,Medium-Low,3,Medium High,0.15,Medium High,1,1,1,1,0,false,873,"20,724","21,597",480,Medium High,"60,162","1,038","3,326",0,135,true,0,16,9,0,Medium Low,77,57,20,0,11,0,1,4,22,0.58,Medium Low,0,N/A,0.22,1,0.93,0.71,Above and Underground Network,Average,4.5,High,1.85,High,Average,Average,YES,0.08,130,4,NO,NO,NO,NO,NONE
BK99,park-cemetery-etc-Brooklyn,Brooklyn,93,,167,8.21,71,0.95,High,0.95,High,0.02,Low,1.7,Low,1.4,Medium-High,3,Medium High,0.72,UF,0.73,0.65,1,27,0,false,,,,,,,,,,,,,,,,,,,,,,,10,2,4,0.08,Low,,,,,,,,,,,,,,,,,,,,,,,
BX01,Claremont-Bathgate,Bronx,"34,815","58,999.81","10,996",0.59,27,0.55,Low,0.63,Low,0.07,High,1.6,Low,1.7,Medium-High,4,High,0.14,Medium High,1,0.51,2,4,2,true,806,"10,996","11,802",437,Medium High,"38,258","1,508","4,760",69,"4,445",true,8,26,4,0,Medium High,72,15,11,0,7,1,2,17,28,1.67,High,0.44,Medium High,1,1,1,1,Above and Underground Network,Average,4,Average,0.13,Low,Average,Average,YES,0.93,107,38,NO,NO,NO,NO,NONE
BX03,Eastchester-Edenwald-Baychester,Bronx,"35,172","24,358.51","11,696",1.44,46,0.67,Medium Low,0.7,Medium Low,0.05,Medium High,1.9,Medium Low,1.4,Medium-High,3,Medium High,0.13,Medium High,1,0.86,2,9,0,false,606,"11,696","12,302",267,Medium Low,"38,267",608,"1,881",0,"4,960",true,7,8,13,0,Medium High,102,27,25,0,3,0,0,6,33,0.85,Medium High,0.11,Low,0.98,1,0.96,0.02,Above and Underground Network,Average,4,Average,0.13,Low,Average,Average,YES,0.08,82,4,NO,NO,NO,NO,NONE
BX05,Bedford Park-Fordham North,Bronx,"55,995","104,083.79","19,329",0.54,23,0.57,Low,0.73,Medium High,0.09,High,1.7,Low,1.7,High,3,Medium High,0.1,Medium Low,1,0.74,3,23,12,true,"1,056","19,329","20,385",886,High,"60,601","1,396","5,394",0,0,false,0,4,4,0,Medium High,66,87,17,1,15,12,1,10,37,2.04,High,0,Zero,1,1,1,1,Above and Underground Network,High,4.5,High,0.21,Low,High,Low,YES,0.81,128,4,NO,NO,NO,NO,NONE
BX06,Belmont,Bronx,"29,372","60,402.07","9,214",0.49,21,0.54,Low,0.7,Medium Low,0.07,High,1.7,Low,1.6,Medium-High,4,High,0.17,Medium High,1,0.68,1,1,0,false,"1,059","9,214","10,273",489,Medium High,"31,859",998,"3,156",0,0,false,0,15,2,0,Medium Low,49,97,12,0,4,0,0,4,18,1.05,Medium High,0.14,Low,1,1,1,1,Above and Underground Network,Average,4.5,High,0.11,Low,Average,Average,YES,0.84,98,17,NO,NO,NO,NO,NONE
BX07,Bronxdale,Bronx,"37,595","69,023.23","14,143",0.54,19,0.61,Low,0.67,Low,0.07,High,1.9,Medium Low,1.5,Medium-High,3,Medium High,0.05,Medium Low,1,0.86,3,1,0,false,"1,028","14,143","15,171",798,High,"40,261",967,"3,234",68,"2,380",false,8,10,1,0,Medium Low,32,53,11,0,3,0,0,4,24,1.47,High,0.26,Medium Low,1,0,1,0.74,Above and Underground Network,High,4.5,High,0.16,Low,High,Low,YES,0.5,117,50,NO,NO,NO,NO,NONE
BX08,West Farms-Bronx River,Bronx,"35,752","66,076.68","11,884",0.54,25,0.58,Low,0.68,Medium Low,0.06,High,1.7,Low,1.4,Medium-High,2,Medium Low,0.26,High,1,0.7,2,1,0,false,589,"11,884","12,473",499,Medium High,"38,349","1,180","3,900",0,"1,472",false,7,11,1,0,Medium Low,56,31,9,0,0,0,1,6,20,1.04,Medium High,0.16,Low,1,0,1,0.93,Above and Underground Network,High,4.5,High,0.13,Low,High,Low,YES,0.61,78,34,YES,YES,NO,YES,"High underground interference from existing utilities.  
Area suitable for fixed wireless."
BX09,Soundview-Castle Hill-Clason Point-Harding Park,Bronx,"56,552","30,330.02","19,211",1.86,75,0.68,Medium Low,0.66,Low,0.05,Medium High,1.7,Low,1.4,Medium-High,3,Medium High,0.21,High,1,0.71,3,3,0,false,395,"19,211","19,606",261,Medium Low,"58,717","1,280","5,180",0,"6,459",true,11,23,14,0,Low,128,0,33,0,12,0,1,8,47,0.73,Medium High,0.08,Low,1,1,0.97,0.27,Above and Underground Network,Average,4,Average,0.21,Low,Average,Average,YES,0.28,44,21,YES,YES,NO,YES,"Average underground interference from existing utilities.  
Area suitable for fixed wireless."
BX10,Pelham Bay-Country Club-City Island,Bronx,"26,172","18,179.39","11,451",1.44,41,0.73,Medium High,0.69,Medium Low,0.04,Medium Low,1.9,Medium Low,1.1,Low,3,Medium High,0.15,Medium High,0.92,0.58,2,7,0,false,560,"11,451","12,011",293,Medium Low,"27,561",235,855,0,179,false,1,2,13,0,Medium High,56,55,6,0,2,0,0,4,20,0.59,Medium Low,0.1,Low,1,0,0.86,0.29,Above and Underground Network,Average,4,Average,0.13,Low,Average,Average,YES,0.12,98,30,NO,NO,NO,NO,NONE
BX13,Co-op City,Bronx,"48,541","33,974.33","19,614",1.43,48,0.68,Medium Low,0.67,Low,0.04,Medium Low,1.4,Low,1.3,Medium-High,3,Medium High,0.43,High,0.98,0.43,2,1,0,false,433,"19,614","20,047",418,Medium Low,"44,704",389,"2,835",0,538,true,3,12,7,0,Low,108,22,35,0,4,0,0,6,18,0.5,Medium Low,0.16,Low,1,0,1,0.49,Above and Underground Network,Average,4,Average,0.21,Low,Average,Average,YES,0.29,75,21,NO,NO,NO,NO,NONE
BX14,East Concourse-Concourse Village,Bronx,"64,516","98,747.09","22,399",0.65,27,0.58,Low,0.63,Low,0.06,High,1.7,Low,1.8,High,4,High,0.08,Medium Low,1,0.12,2,6,2,true,742,"22,399","23,141",857,High,"72,125","1,954","6,821",464,"1,535",false,5,27,7,0,High,83,26,22,0,17,2,8,23,34,2.11,High,0.27,Medium Low,1,1,0.97,1,Above and Underground Network,High,4.5,High,0.24,Low,High,Low,YES,0.54,45,30,NO,NO,NO,NO,NONE
BX17,East Tremont,Bronx,"44,510","64,447.07","15,165",0.69,29,0.58,Low,0.66,Low,0.05,Medium High,1.8,Low,1.5,Medium-High,3,Medium High,0.12,Medium High,1,0.77,3,10,3,true,702,"15,165","15,867",547,Medium High,"56,362","1,660","5,961",106,959,false,6,18,10,0,Medium High,85,33,12,0,6,1,1,9,38,1.62,High,0.32,Medium Low,0.99,0,1,0.97,Above and Underground Network,Average,4.5,High,0.16,Low,Average,Average,YES,0.88,32,24,NO,NO,NO,NO,NONE
BX22,North Riverdale-Fieldston-Riverdale,Bronx,"27,145","15,429.75","10,894",1.76,39,0.76,Medium High,0.72,Medium High,0.06,High,1.8,Low,1.3,Medium-Low,3,Medium High,0.11,Medium High,0.99,0.79,3,2,0,false,507,"10,894","11,401",292,Medium Low,"29,987",131,565,0,0,false,0,3,7,0,Low,103,25,9,0,4,0,0,3,24,0.69,Medium High,0.14,Low,1,1,0.98,0.27,Above and Underground Network,Average,4,Average,0.12,Low,Average,Average,YES,0.39,90,42,NO,NO,NO,NO,NONE
BX26,Highbridge,Bronx,"39,144","66,311.76","13,442",0.59,30,0.56,Low,0.68,Medium Low,0.08,High,1.7,Low,1.8,High,3,Medium High,0.25,High,0.9,0.02,4,2,1,true,769,"13,442","14,211",474,Medium High,"46,856","1,187","4,471",0,915,false,4,8,0,0,Medium High,52,12,7,0,4,1,1,9,29,1.27,High,0.15,Low,1,1,0.97,0.89,Above and Underground Network,Average,4.5,High,0.15,Low,Average,Average,YES,0.9,97,48,NO,NO,NO,NO,NONE
BX27,Hunts Point,Bronx,"26,531","14,874.02","8,428",1.78,56,0.56,Low,0.66,Low,0.05,Medium High,1.7,Low,1.4,Medium-High,3,Medium High,0.29,High,0.92,0.64,2,3,0,false,664,"8,428","9,092",162,Low,"32,982",661,"3,197",0,525,true,1,11,2,0,Medium Low,121,26,17,0,11,0,3,17,36,0.95,Medium High,0.14,Low,1,1,0.75,0.93,Above and Underground Network,Low,3,Low,0.1,Low,Low,High,YES,0.34,69,14,YES,YES,YES,NO,"Average underground interference from existing utilities.  
Average to low make-ready requirements. Of the sample poles surveyed 37% required make-ready, and 12% required pole replacement. 
General findings for this area include; the presence of call boxes and low voltage wires on pole lines, and some locations had power service drops and telecom service drops crossing the roadway without proper clearance."
BX28,Van Cortlandt Village,Bronx,"51,157","55,569.63","17,920",0.92,30,0.67,Medium Low,0.73,Medium High,0.09,High,1.7,Low,1.6,Medium-High,3,Medium High,0.2,Medium High,1,0.67,3,4,1,true,936,"17,920","18,856",629,Medium High,"55,804","1,052","4,234",0,344,false,2,19,2,0,Medium Low,63,38,27,0,7,1,0,14,30,1.47,High,0.26,Medium Low,1,0,1,0.87,Above and Underground Network,Average,4.5,High,0.2,Low,Average,Average,YES,0.8,111,38,NO,NO,NO,NO,NONE
BX29,Spuyten Duyvil-Kingsbridge,Bronx,"31,508","37,840.91","13,560",0.83,32,0.74,Medium High,0.72,Medium High,0.05,Medium High,1.7,Low,1.5,Medium-High,3,Medium High,0.2,Medium High,0.99,0.71,2,1,0,false,"1,107","13,560","14,667",458,Medium High,"33,584",275,987,0,"3,364",false,0,6,2,0,Low,65,111,13,0,5,0,0,1,26,0.84,Medium High,0.31,Medium Low,1,1,1,0.42,Above and Underground Network,Average,4.5,High,0.15,Low,Average,Average,YES,0.84,55,30,NO,NO,NO,NO,NONE
BX30,Kingsbridge Heights,Bronx,"31,294","66,282.21","11,023",0.47,17,0.61,Low,0.7,Medium Low,0.09,High,1.7,Low,1.8,High,3,Medium High,0.18,Medium High,0.98,0.69,0,11,10,true,863,"11,023","11,886",699,High,"38,844",512,"2,809",56,233,false,1,4,3,0,None,40,35,16,0,5,10,0,11,21,1.88,High,0.24,Medium Low,1,1,1,0.89,Above and Underground Network,Average,4.5,High,0.13,Low,Average,Average,YES,0.83,90,38,NO,NO,NO,NO,NONE
BX31,Allerton-Pelham Gardens,Bronx,"32,450","28,545.89","9,452",1.14,37,0.7,Medium Low,0.74,Medium High,0.07,High,1.9,Medium Low,1.3,Medium-Low,3,Medium High,0.06,Medium Low,1,0.92,1,0,0,false,675,"9,452","10,127",274,Medium Low,"30,869",378,"1,550",0,877,false,2,6,4,0,Medium Low,50,16,12,0,3,0,0,3,25,0.76,Medium High,0.08,Low,1,0,1,0,Above Ground (Utility Pole Presence),Average,4,Average,0.11,Low,Average,Average,NO,0.02,149,13,NO,NO,NO,NO,NONE
BX33,Longwood,Bronx,"28,961","75,232.82","9,105",0.38,15,0.65,Medium Low,0.69,Medium Low,0.05,Medium High,1.7,Low,1.7,High,4,High,0.18,Medium High,1,0.68,2,4,0,false,650,"9,105","9,755",650,High,"31,317",850,"3,129",123,666,true,2,15,1,0,Medium High,47,5,9,0,4,0,4,10,18,1.87,High,0.33,Medium High,1,1,1,1,Above and Underground Network,Average,4.5,High,0.11,Low,Average,Average,YES,0.99,40,25,NO,NO,NO,NO,NONE
BX34,Melrose South-Mott Haven North,Bronx,"43,244","69,804.19","14,476",0.62,24,0.59,Low,0.66,Low,0.05,Medium High,1.7,Low,1.9,High,5,High,0.05,Low,1,0.72,3,27,25,true,760,"14,476","15,236",635,Medium High,"52,246","1,460","5,163",63,"4,158",false,12,22,1,1,High,85,54,13,0,12,23,3,19,28,1.96,High,0.47,High,1,1,1,1,Above and Underground Network,Average,4.5,High,0.16,Low,Average,Average,YES,0.94,90,4,NO,NO,NO,NO,NONE
BX35,Morrisania-Melrose,Bronx,"39,939","65,919.7","13,976",0.61,24,0.61,Low,0.67,Low,0.06,High,1.8,Low,1.6,Medium-High,4,High,0.12,Medium High,1,0.79,3,6,3,true,664,"13,976","14,640",610,Medium High,"51,743","1,242","4,360",256,0,false,7,20,6,0,Medium Low,76,0,15,0,13,2,3,5,28,1.38,High,0.4,Medium High,1,1,1,1,Above and Underground Network,Average,4.5,High,0.15,Low,Average,Average,YES,1,37,26,NO,NO,NO,NO,NONE
BX36,University Heights-Morris Heights,Bronx,"55,575","72,895.38","19,202",0.76,37,0.57,Low,0.7,Medium Low,0.07,High,1.6,Low,1.8,High,4,High,0.31,High,0.93,0.56,4,8,6,true,725,"19,202","19,927",539,Medium High,"65,993","1,723","6,899",259,"1,348",false,5,14,3,0,Low,73,17,17,0,12,6,0,16,36,1.41,High,0.19,Medium Low,1,1,0.96,0.89,Above and Underground Network,High,4.5,High,0.21,Low,High,Low,YES,0.66,53,43,NO,NO,NO,NO,NONE
BX37,Van Nest-Morris Park-Westchester Square,Bronx,"29,509","22,662.2","9,846",1.3,44,0.66,Medium Low,0.72,Medium High,0.08,High,1.8,Low,1.5,Medium-High,3,Medium High,0.27,High,0.98,0.8,3,7,0,false,"1,143","9,586","10,729",244,Low,"37,908",551,"2,228",0,0,false,0,7,8,0,Medium High,41,93,21,0,8,0,0,4,38,0.95,Medium High,0.29,Medium Low,1,1,1,0.43,Above and Underground Network,Low,3,Low,0.12,Low,Low,High,YES,0.21,45,35,NO,NO,NO,NO,NONE
BX39,Mott Haven-Port Morris,Bronx,"55,080","36,651.17","18,727",1.5,60,0.56,Low,0.67,Low,0.07,High,1.6,Low,2.2,High,5,High,0.15,Medium High,0.98,0.56,6,41,26,true,674,"18,727","19,401",323,Medium Low,"66,973","1,860","7,488",194,"7,829",true,18,31,10,2,Medium High,126,33,26,0,13,22,5,41,52,1.55,High,0.23,Medium Low,1,2,0.83,0.92,Above and Underground Network,Average,4,Average,0.21,Low,Average,Average,YES,0.85,71,50,NO,NO,NO,NO,NONE
BX40,Fordham South,Bronx,"28,434","125,654.72","8,871",0.23,11,0.59,Low,0.69,Medium Low,0.1,High,1.5,Low,1.7,High,3,Medium High,0.07,Medium Low,1,0.55,0,9,8,true,885,"8,871","9,756",887,High,"32,957","1,113","3,634",0,312,false,1,10,1,0,Medium Low,37,56,8,0,9,8,1,8,17,2.27,High,0.45,Medium High,1,0,1,1,Above and Underground Network,High,4.5,High,0.11,Low,High,Low,YES,0.56,64,47,NO,NO,NO,NO,NONE
BX41,Mount Hope,Bronx,"52,973","100,354.44","17,211",0.53,28,0.6,Low,0.71,Medium High,0.07,High,1.5,Low,1.6,Medium-High,3,Medium High,0.17,Medium High,1,0.53,2,21,18,true,794,"17,211","18,005",643,Medium High,"64,514","1,401","6,254",67,0,true,0,10,2,0,Medium High,69,26,17,1,12,15,1,17,28,1.61,High,0.29,Medium Low,1,1,1,1,Above and Underground Network,Average,4.5,High,0.19,Low,Average,Average,YES,0.72,36,31,NO,NO,NO,NO,NONE
BX43,Norwood,Bronx,"42,666","75,646.01","14,770",0.56,21,0.64,Medium Low,0.68,Medium Low,0.08,High,1.6,Low,1.8,High,3,Medium High,0.21,Medium High,1,0.65,3,11,0,false,"1,110","14,770","15,880",756,High,"44,087","1,362","4,410",0,0,false,0,10,2,1,Medium High,48,86,16,0,12,0,0,11,28,1.86,High,0.31,Medium Low,1,1,1,1,Above and Underground Network,High,4.5,High,0.17,Low,High,Low,YES,0.86,30,21,NO,NO,NO,NO,NONE
BX44,Williamsbridge-Olinville,Bronx,"65,043","49,992.26","21,796",1.3,41,0.63,Low,0.68,Medium Low,0.05,Medium High,2,Medium Low,1.7,Medium-High,3,Medium High,0.01,Low,1,0.96,2,3,0,false,831,"21,796","22,627",552,Medium High,"65,769","1,606","4,771",0,733,false,5,15,13,0,Medium High,110,55,13,0,1,0,1,5,32,0.9,Medium High,0.32,Medium Low,1,0,1,0.18,Above and Underground Network,Average,4,Average,0.24,Low,Average,Average,YES,0.34,47,34,NO,NO,NO,NO,NONE
BX46,Parkchester,Bronx,"30,826","93,572.03","12,747",0.33,13,0.73,Medium High,0.69,Medium Low,0.05,Medium High,1.8,Low,1.4,Medium-High,3,Medium High,0.24,High,1,0.75,2,1,0,false,"1,075","12,747","13,822","1,063",High,"31,601",521,"1,711",0,0,false,0,4,0,0,Low,33,75,16,0,2,0,1,3,12,1.15,High,0.31,Medium Low,1,0,1,0.98,Above and Underground Network,High,4.5,High,0.14,Low,High,Low,YES,0.42,46,46,NO,NO,NO,NO,NONE
BX49,Pelham Parkway,Bronx,"29,947","36,251.9","11,337",0.83,33,0.64,Medium Low,0.71,Medium High,0.09,High,1.8,Low,1.6,Medium-High,3,Medium High,0.12,Medium High,1,0.81,2,1,0,false,"1,175","11,337","12,512",379,Medium Low,"32,957",260,"1,559",0,0,false,0,7,1,2,Medium Low,24,76,29,0,1,0,0,8,27,1.06,Medium High,0.13,Low,1,0,1,0.4,Above and Underground Network,Average,4,Average,0.13,Low,Average,Average,YES,0.45,40,29,NO,NO,NO,NO,NONE
BX52,Schuylerville-Throgs Neck-Edgewater Park,Bronx,"47,580","14,999.22","16,436",3.17,95,0.69,Medium Low,0.69,Medium Low,0.07,High,1.8,Low,1.3,Medium-Low,4,High,0.23,High,0.98,0.74,4,10,0,false,643,"16,436","17,079",180,Low,"44,586",487,"1,839",0,"1,724",false,4,16,25,0,Low,104,91,16,0,9,0,0,0,62,0.65,Medium High,0.12,Low,1,0,0.94,0,Above and Underground Network,Low,3,Low,0.18,Low,Low,High,YES,0.04,45,25,NO,NO,NO,NO,NONE
BX55,Soundview-Bruckner,Bronx,"37,866","64,952.98","11,738",0.58,22,0.58,Low,0.68,Medium Low,0.06,High,1.8,Low,1.6,Medium-High,3,Medium High,0.1,Medium Low,1,0.78,0,0,0,false,592,"11,738","12,330",560,Medium High,"39,222","1,131","3,964",149,"1,675",false,4,7,3,0,Low,56,27,5,0,3,0,1,6,23,1.32,High,0.34,Medium High,1,0,1,0.96,Above and Underground Network,Average,4.5,High,0.13,Low,Average,Average,YES,0.59,29,26,NO,NO,NO,NO,NONE
BX59,Westchester-Unionport,Bronx,"28,437","33,109.9","9,225",0.86,36,0.67,Medium Low,0.7,Medium Low,0.04,Medium Low,1.8,Low,1.6,Medium-High,4,High,0.13,Medium High,1,0.78,1,1,0,false,896,"9,225","10,121",281,Medium Low,"31,621",707,"2,166",0,132,true,1,2,15,0,Low,56,52,12,0,2,0,0,6,22,0.78,Medium High,0.2,Medium Low,1,0,1,0.39,Above and Underground Network,Average,4,Average,0.11,Low,Average,Average,YES,0.34,52,0,NO,NO,NO,NO,NONE
BX62,Woodlawn-Wakefield,Bronx,"44,064","30,914.49","14,944",1.43,45,0.66,Medium Low,0.67,Low,0.08,High,2,Medium High,1.4,Medium-High,3,Medium High,0.09,Medium Low,1,0.91,2,3,0,false,513,"14,944","15,457",343,Medium Low,"46,033",881,"2,140",60,0,false,0,5,5,0,Low,114,49,11,0,1,0,0,1,35,0.8,Medium High,0.19,Medium Low,0.97,1,0.99,0,Above and Underground Network,Average,4,Average,0.16,Low,Average,Average,YES,0.14,40,0,YES,YES,YES,YES,"Average underground interference from existing utilities.  
Low make-ready requirements. Of the sample poles surveyed 36% required make-ready, and 0% required pole replacement. 
General findings for this area include; the presence of call boxes and low voltage wires on pole lines and spacing issues with current utility attachments in the telecom space.
Additionally, some locations had telecom service drops crossing the roadway without proper clearance. 
Area suitable for fixed wireless."
BX63,West Concourse,Bronx,"37,395","53,777.07","13,185",0.7,34,0.59,Low,0.69,Medium Low,0.09,High,1.5,Low,2.1,High,4,High,0.06,Medium Low,0.91,0.22,1,40,20,true,816,"13,185","14,001",412,Medium Low,"56,175","1,140","4,435",180,0,false,0,10,3,1,Medium High,59,61,8,0,6,20,19,18,35,1.56,High,0.19,Medium Low,0.98,2,0.69,0.91,Above and Underground Network,Average,4,Average,0.15,Low,Average,Average,YES,0.73,67,44,NO,NO,NO,NO,NONE
BX75,Crotona Park East,Bronx,"21,745","37,148.33","7,806",0.59,25,0.57,Low,0.69,Medium Low,0.04,Medium Low,1.6,Low,1.5,Medium-High,3,Medium High,0.28,High,1,0.64,1,0,0,false,579,"7,806","8,385",335,Medium Low,"33,488",723,"2,566",46,513,false,1,16,0,0,Medium High,48,0,10,0,13,0,0,2,15,0.68,Medium High,0.17,Low,1,0,1,0.87,Above and Underground Network,Average,4,Average,0.09,Low,Average,Average,YES,0.92,64,15,NO,NO,NO,NO,NONE
BX98,Rikers Island,Bronx,"12,780","19,661.53",0,0.65,16,0,Low,0,Low,0,Low,1,Low,1,Low,1,Low,0.96,High,0.07,0.04,0,0,0,false,,,,,,,,,,,,,,,,,,,,,,,0,,,,,,,,,,,,,,,,,,,,,,,,,,,
BX99,park-cemetery-etc-Bronx,Bronx,540,68.18,137,7.92,117,0.72,Medium High,0.69,Medium Low,0.09,High,1.1,Low,1.3,Medium-Low,3,Medium High,0.83,High,0.74,0.06,0,34,0,false,,,,,,,,,,,,,,,,,,,,,,,0,11,15,0.22,Low,,,,,,,,,,,,,,,,,,,,,,,
MN01,Marble Hill-Inwood,Manhattan,"52,681","82,827.05","19,616",0.64,20,0.63,Low,0.7,Medium Low,0.13,High,2.5,Medium High,2.2,High,4,High,0,Low,1,0.97,2,2,0,false,729,"19,616","20,345","1,017",High,"52,432",631,"4,485",0,"4,531",false,8,19,4,0,High,44,55,17,0,11,0,7,3,20,1.15,High,0.43,Medium High,0.97,2,0.43,0.87,Above and Underground Network,High,4.5,High,0.21,Low,High,Low,YES,0.46,159,51,YES,YES,NO,NO,Average underground interference from existing utilities.
MN03,Central Harlem North-Polo Grounds,Manhattan,"85,872","94,243.43","34,519",0.91,43,0.63,Low,0.67,Low,0.06,High,2.5,High,2.3,High,4,High,0,Low,1,0.99,10,101,93,true,415,"36,145","36,560",850,High,"78,790","2,502","6,641",148,"9,494",false,27,26,7,3,High,85,48,44,0,23,36,2,13,40,1.23,High,0.36,Medium High,0.97,2,0.07,0.97,Above and Underground Network,High,4.5,High,0.38,Medium Low,High,Low,YES,0.39,55,13,YES,YES,NO,NO,High underground interference from existing utilities.
MN04,Hamilton Heights,Manhattan,"52,508","90,948.73","19,521",0.58,26,0.71,Medium High,0.76,High,0.06,High,2.3,Medium High,2.1,High,4,High,0,Low,1,0.85,2,63,52,true,723,"19,521","20,244",779,High,"49,470",748,"3,191",328,168,false,1,4,1,0,Medium Low,60,43,18,0,14,52,3,11,49,2.31,High,0.37,Medium High,0.88,2,0,0.89,Underground Network Areas,High,4.5,High,0.21,Low,High,Low,YES,0.43,139,4,NO,NO,NO,NO,NONE
MN06,Manhattanville,Manhattan,"23,666","61,970.82","10,054",0.38,17,0.64,Medium Low,0.64,Low,0.06,High,2.1,Medium High,1.9,High,3,Medium High,0,Low,1,0.81,1,19,15,true,931,"8,428","9,359",551,Medium High,"23,306",380,"2,202",27,"1,369",false,4,14,3,0,Medium Low,49,9,17,0,2,14,2,3,12,0.88,Medium High,0.28,Medium Low,0.86,2,0,0.92,Underground Network Areas,Average,4.5,High,0.1,Low,Average,Average,YES,0.8,55,12,NO,NO,NO,NO,NONE
MN09,Morningside Heights,Manhattan,"53,707","74,288.59","19,313",0.72,35,0.72,Medium High,0.74,Medium High,0.04,Medium Low,2.6,High,2.4,High,5,High,0,Low,1,0.85,5,42,36,true,"1,532","19,313","20,845",596,Medium High,"56,243",270,"1,774",72,"1,940",false,4,7,0,1,Medium High,52,77,40,0,10,36,7,10,44,1.54,High,0.36,Medium High,0.64,3,0,0.9,Underground Network Areas,High,4.5,High,0.22,Low,High,Low,YES,0.67,50,2,NO,NO,NO,NO,NONE
MN11,Central Harlem South,Manhattan,"50,095","96,725.47","20,029",0.52,25,0.69,Medium Low,0.7,Medium Low,0.04,Medium Low,2.7,High,2.7,High,5,High,0,Low,1,1,2,69,74,true,702,"20,029","20,731",829,High,"47,279",726,"2,477",276,0,false,6,18,2,2,Medium High,54,92,36,0,14,28,8,8,32,1.6,High,0.46,Medium High,0.9,3,0,1,Underground Network Areas,High,4.5,High,0.21,Low,High,Low,YES,0.6,132,38,NO,NO,NO,NO,NONE
MN12,Upper West Side,Manhattan,"134,019","108,681.09","65,005",1.23,56,0.81,High,0.8,High,0.05,Medium High,3.1,High,2.6,High,5,High,0,Low,1,0.87,4,143,136,true,"2,042","65,005","67,047","1,197",High,"133,842","1,046","3,452","1,171","3,880",false,13,23,1,0,High,108,208,61,0,45,134,17,7,136,2.55,High,0.45,Medium High,0.5,3,0,0.92,Underground Network Areas,High,4.5,High,0.72,Medium Low,High,Low,YES,0.07,90,25,NO,NO,NO,NO,NONE
MN13,Hudson Yards-Chelsea-Flat Iron-Union Square,Manhattan,"77,205","58,128.36","42,717",1.33,58,0.84,High,0.83,High,0.04,Medium Low,4,High,4.7,High,11,High,0,Low,1,1,5,156,126,true,"5,410","42,717","48,127",830,High,"96,102",890,"1,395",849,"3,106",false,10,21,6,0,High,40,485,32,3,27,90,17,32,111,2.47,High,0.74,High,0.16,2,0,0.92,Underground Network Areas,High,4.5,High,0.51,Medium Low,High,Low,YES,0.04,27,10,NO,NO,NO,NO,NONE
MN14,Lincoln Square,Manhattan,"59,691","105,290.94","32,823",0.57,31,0.84,High,0.83,High,0.05,Medium High,3.3,High,3.2,High,7,High,0,Low,1,0.9,6,52,38,true,"2,220","32,823","35,043","1,130",High,"68,056",444,856,0,"1,259",false,6,11,1,0,High,47,125,32,0,10,37,3,10,55,2.1,High,0.51,High,0.35,3,0,0.93,Underground Network Areas,High,4.5,High,0.37,Medium Low,High,Low,NO,0,47,27,NO,NO,NO,NO,NONE
MN15,Clinton,Manhattan,"44,293","67,181.49","27,430",0.66,31,0.79,High,0.8,High,0.04,Medium Low,4,High,3.8,High,9,High,0,Low,1,1,3,46,44,true,"5,428","27,430","32,858","1,060",High,"58,067",796,593,427,377,false,2,18,1,0,High,20,188,17,0,7,43,2,1,52,1.71,High,0.78,High,0.16,1,0,0.87,Underground Network Areas,High,4.5,High,0.34,Medium Low,High,Low,YES,0.23,24,8,NO,NO,NO,NO,NONE
MN17,Midtown-Midtown South,Manhattan,"27,811","25,681.73","15,436",1.08,46,0.83,High,0.83,High,0.04,Medium Low,4.3,High,7,,11,High,0,Low,1,1,5,160,130,true,"5,733","15,436","21,169",460,Medium High,"39,081",288,308,772,0,false,0,3,2,0,High,33,820,47,1,8,128,55,61,229,6.3,High,1.43,High,0.11,2,0,1,Underground Network Areas,High,4.5,High,0.22,Low,High,Low,NO,0,75,19,NO,NO,NO,NO,NONE
MN19,Turtle Bay-East Midtown,Manhattan,"49,628","79,549.63","29,134",0.62,31,0.86,High,0.84,High,0.04,Medium Low,4,High,4.7,High,11,High,0,Low,1,1,3,111,102,true,"5,533","29,134","34,667","1,118",High,"56,606",127,363,0,0,false,0,3,4,0,High,37,236,29,0,3,96,6,9,78,2.81,High,1.01,High,0.14,1,0,0.96,Underground Network Areas,High,4.5,High,0.37,Medium Low,High,Low,NO,0,86,21,NO,NO,NO,NO,NONE
MN20,Murray Hill-Kips Bay,Manhattan,"47,774","91,947.44","26,312",0.52,25,0.83,High,0.8,High,0.04,Medium Low,4.3,High,4.7,High,10,High,0,Low,1,1,2,82,79,true,"5,467","26,312","31,779","1,271",High,"51,994",216,730,0,492,false,1,4,3,1,High,43,280,19,0,6,68,10,11,57,2.72,High,1.07,High,0.12,2,0,0.96,Underground Network Areas,High,4.5,High,0.33,Medium Low,High,Low,NO,0,124,50,NO,NO,NO,NO,NONE
MN21,Gramercy,Manhattan,"27,886","103,290.72","14,143",0.27,14,0.88,High,0.84,High,0.03,Low,4.3,High,4,High,8,High,0,Low,1,1,2,51,49,true,"3,975","14,143","18,118","1,294",High,"28,580",231,129,410,0,false,0,16,1,0,High,21,183,16,0,8,48,6,5,37,3,High,0.93,High,0.13,1,0,1,Underground Network Areas,High,4.5,High,0.2,Low,High,Low,YES,0.27,87,51,NO,NO,NO,NO,NONE
MN22,East Village,Manhattan,"43,022","110,099","21,976",0.39,17,0.7,Medium Low,0.79,High,0.04,Medium Low,3.8,High,2.7,High,5,High,0,Low,1,1,3,58,53,true,"2,938","21,976","24,914","1,466",High,"44,977",294,859,169,357,false,1,6,2,0,High,48,146,21,0,3,53,4,1,45,2.71,High,0.72,High,0.38,1,0,1,Underground Network Areas,High,4.5,High,0.27,Medium Low,High,Low,NO,0.05,142,68,NO,NO,NO,NO,NONE
MN23,West Village,Manhattan,"66,772","74,450.43","36,554",0.9,43,0.85,High,0.85,High,0.05,Medium High,3.9,High,3,High,9,High,0,Low,1,1,4,49,25,true,"3,094","36,554","39,648",922,High,"67,683",231,299,0,0,false,0,6,1,0,High,100,293,14,0,11,21,6,12,151,3.79,High,0.77,High,0.29,1,0,0.92,Underground Network Areas,High,4.5,High,0.43,Medium Low,High,Low,YES,0.25,44,16,NO,NO,NO,NO,NONE
MN24,SoHo-TriBeCa-Civic Center-Little Italy,Manhattan,"42,979","47,867.59","19,886",0.9,43,0.82,High,0.84,High,0.05,Medium High,3.6,High,3.6,High,14,High,0,Low,1,1,3,58,37,true,"4,070","19,886","23,956",557,Medium High,"46,753",180,"1,195",0,0,false,0,6,29,2,High,125,219,14,0,32,21,36,21,130,3.51,High,1.29,High,0.43,2,0,0.95,Underground Network Areas,High,4.5,High,0.25,Low,High,Low,YES,0.27,28,13,NO,NO,NO,NO,NONE
MN25,Battery Park City-Lower Manhattan,Manhattan,"45,737","67,103.35","21,956",0.68,41,0.89,High,0.88,High,0.03,Low,3.8,High,4.5,High,11,High,0,Low,1,1,2,52,38,true,"1,231","21,956","23,187",566,Medium High,"44,541",165,491,0,0,false,0,14,4,0,High,108,150,17,0,19,4,51,6,136,3.46,High,1.2,High,0.33,2,0.09,0.8,Above and Underground Network,Average,4.5,High,0.25,Low,Average,Average,NO,0.03,56,36,NO,NO,NO,NO,NONE
MN27,Chinatown,Manhattan,"44,898","86,316.9","18,595",0.52,35,0.54,Low,0.6,Low,0.03,Low,3.4,High,2.3,High,5,High,0,Low,1,1,3,29,14,true,"2,966","18,595","21,561",616,Medium High,"48,741",808,"3,988",0,"2,740",false,12,23,16,0,High,94,199,14,0,10,14,31,3,62,1.86,High,0.51,High,0.54,1,0,0.97,Underground Network Areas,Average,4.5,High,0.22,Low,Average,Average,NO,0,79,52,NO,NO,NO,NO,NONE
MN28,Lower East Side,Manhattan,"72,789","87,107.03","31,745",0.84,45,0.49,Low,0.57,Low,0.03,Low,3.6,High,2.4,High,4,High,0,Low,1,1,8,7,0,false,"2,480","31,745","34,225",761,High,"75,559","2,614","6,606",379,"11,589",false,32,22,3,2,Medium High,112,36,36,1,18,0,10,1,89,2,High,0.38,Medium High,0.34,2,0,0.94,Underground Network Areas,High,4.5,High,0.37,Medium Low,High,Low,YES,0.28,32,10,YES,YES,NO,NO,High underground interference from existing utilities.
MN31,Lenox Hill-Roosevelt Island,Manhattan,"82,051","106,392.34","43,061",0.77,36,0.84,High,0.82,High,0.04,Medium Low,3.3,High,2.8,High,5,High,0,Low,1,0.99,6,52,46,true,"1,604","43,061","44,665","1,241",High,"81,782",554,822,0,150,false,1,12,3,1,Medium High,82,128,30,0,10,45,9,6,81,2.42,High,0.42,Medium High,0.42,3,0.06,0.77,Above and Underground Network,High,4.5,High,0.48,Medium Low,High,Low,YES,0.05,41,32,NO,NO,NO,NO,NONE
MN32,Yorkville,Manhattan,"81,278","166,594.62","43,627",0.49,19,0.84,High,0.84,High,0.05,Medium High,3.4,High,2.9,High,5,High,0,Low,1,0.95,2,14,13,true,"1,696","43,627","45,323","2,385",High,"78,678",536,"1,083",65,"1,173",false,4,5,2,0,High,45,92,29,0,6,13,14,2,26,1.47,High,0.54,High,0.4,2,0,0.95,Underground Network Areas,High,4.5,High,0.48,Medium Low,High,Low,YES,0.05,42,20,NO,NO,NO,NO,NONE
MN33,East Harlem South,Manhattan,"59,777","100,090.93","24,632",0.6,30,0.64,Medium Low,0.68,Medium Low,0.07,High,2.8,High,2.8,High,5,High,0,Low,1,0.95,4,20,18,true,"1,067","24,632","25,699",857,High,"63,962","1,291","4,775",54,"6,671",false,25,27,2,3,High,78,77,34,0,13,14,8,14,36,1.67,High,0.51,High,0.76,3,0,0.97,Underground Network Areas,High,4.5,High,0.27,Medium Low,High,Low,YES,0.14,41,17,NO,NO,NO,NO,NONE
MN34,East Harlem North,Manhattan,"61,031","69,465.25","24,941",0.88,49,0.57,Low,0.59,Low,0.06,High,2.5,Medium High,2.6,High,5,High,0,Low,1,0.88,7,65,49,true,724,"24,941","25,665",524,Medium High,"71,957","1,654","6,113",572,"8,684",false,24,21,8,0,Medium High,94,64,28,0,32,27,11,30,33,1.29,High,0.34,Medium High,0.98,2,0.07,0.94,Above and Underground Network,Average,4.5,High,0.26,Medium Low,Average,Average,YES,0.61,50,21,NO,NO,NO,NO,NONE
MN35,Washington Heights North,Manhattan,"73,523","90,433.66","26,000",0.81,28,0.72,Medium High,0.72,Medium High,0.07,High,2.4,Medium High,2.2,High,4,High,0,Low,1,0.95,1,25,20,true,735,"26,000","26,735",955,High,"68,874",741,"4,726",0,0,false,0,19,2,0,Medium Low,70,96,24,1,17,20,12,8,15,0.82,Medium High,0.38,Medium High,1,2,0,0.88,Above and Underground Network,High,4.5,High,0.29,Medium Low,High,Low,YES,0.41,58,36,NO,NO,NO,NO,NONE
MN36,Washington Heights South,Manhattan,"92,476","111,645.64","30,122",0.83,46,0.62,Low,0.69,Medium Low,0.07,High,2.3,Medium High,2.1,High,4,High,0,Low,1,0.95,6,48,34,true,862,"30,122","30,984",674,High,"84,565","1,765","5,963",316,998,false,6,16,3,1,High,88,118,36,0,29,34,9,16,36,1.13,High,0.33,Medium High,1,2,0.03,0.93,Above and Underground Network,Average,4.5,High,0.32,Medium Low,Average,Average,YES,0.31,17,8,NO,NO,NO,NO,NONE
MN40,Upper East Side-Carnegie Hill,Manhattan,"58,593","81,412.57","28,764",0.72,40,0.86,High,0.83,High,0.04,Medium Low,3.5,High,3.5,High,8,High,0,Low,1,1,1,54,46,true,"2,024","28,764","30,788",770,High,"60,923",89,777,0,0,false,0,4,1,0,High,92,276,6,0,9,45,9,10,110,3,High,0.66,High,0.58,3,0,1,Underground Network Areas,High,4.5,High,0.33,Medium Low,High,Low,YES,0.12,43,34,YES,YES,NO,NO,High underground interference from existing utilities.
MN50,Stuyvesant Town-Cooper Village,Manhattan,"21,462","107,199.1","10,434",0.2,10,0.81,High,0.8,High,0.04,Medium Low,3.8,High,2.2,High,4,High,0,Low,1,1,0,0,0,false,"1,746","10,434","12,180","1,218",High,"20,913",69,183,0,0,false,0,0,0,0,Low,7,3,17,0,2,0,1,0,13,1.3,High,0.34,Medium High,0.35,1,0,0.9,Underground Network Areas,High,4.5,High,0.13,Low,High,Low,YES,0.44,25,8,NO,NO,NO,NO,NONE
MN99,park-cemetery-etc-Manhattan,Manhattan,"1,662",506.7,0,3.28,97,0,Low,0,Low,0,Low,2.1,Medium High,1.5,Medium-High,3,Medium High,0,Low,1,0.58,1,44,1,true,,,,,,,,,,,,,,,,,,,,,,,3,44,60,1.07,Medium High,,,,,,,,,,,,,,,,,,,,,,,
QN01,South Jamaica,Queens,"41,606","29,019.75","12,117",1.43,49,0.58,Low,0.72,Medium High,0.09,High,1.9,Medium Low,1,Low,1,Low,0.07,Medium Low,1,1,3,7,0,false,473,"12,117","12,590",257,Medium Low,"41,371",923,"2,376",0,"2,096",true,4,8,16,0,Medium Low,125,5,7,0,3,0,0,9,12,0.43,Medium Low,0,,1,1,1,0,Above and Underground Network,Average,4,Average,1.08,Medium High,Average,Average,NO,0,49,14,NO,NO,NO,NO,NONE
QN02,Springfield Gardens North,Queens,"27,577","27,044.99","10,407",1.02,31,0.59,Low,0.71,Medium Low,0.15,High,2,Medium Low,1.4,Medium-High,2,Medium Low,0.05,Medium Low,1,1,4,5,0,false,901,"10,407","11,308",365,Medium Low,"25,655",222,799,0,0,false,0,11,6,0,Low,54,5,12,0,3,0,0,3,1,0.13,Low,0,,1,2,1,0,Above Ground (Utility Pole Presence),Average,4,Average,0.97,Medium High,Average,Average,NO,0,70,21,NO,NO,NO,NO,NONE
QN03,Springfield Gardens South-Brookville,Queens,"21,900","14,113.34","5,918",1.55,67,0.64,Medium Low,0.78,High,0.16,High,1.8,Low,1.1,Low,2,Medium Low,0.22,High,0.96,0.96,0,0,0,false,658,"5,918","6,576",98,Low,"20,537",250,602,0,0,true,0,5,8,0,Medium Low,36,6,3,0,1,0,0,14,4,0.27,Low,0,,1,2,1,0,Above Ground (Utility Pole Presence),Low,3,Low,0.56,Medium Low,Low,High,YES,0.09,44,19,NO,NO,NO,NO,NONE
QN05,Rosedale,Queens,"27,462","12,430.88","7,643",2.21,59,0.83,High,0.82,High,0.04,Medium Low,2,Medium High,1.2,Low,3,Medium High,0.11,Medium High,0.98,0.97,1,1,0,false,369,"7,643","8,012",136,Low,"25,398",333,585,0,0,false,0,4,14,0,Low,69,8,5,0,3,0,0,4,6,0.17,Low,0,,0.86,2,0.95,0,Above and Underground Network,Low,3,Low,0.68,Medium Low,Low,High,YES,0.01,55,33,NO,NO,NO,NO,NONE
QN06,Jamaica Estates-Holliswood,Queens,"26,757","17,433.64","9,301",1.53,51,0.7,Medium Low,0.75,Medium High,0.1,High,1.9,Medium Low,1.1,Low,2,Medium Low,0.12,Medium High,1,1,1,1,0,false,871,"9,301","10,172",199,Low,"26,372",167,704,0,0,false,0,2,4,0,Low,85,34,17,0,2,0,0,3,4,0.14,Low,0,,1,1,0.79,0.67,Above and Underground Network,Low,3,Low,0.87,Medium High,Low,High,YES,0.05,40,22,NO,NO,NO,NO,NONE
QN07,Hollis,Queens,"21,214","25,841.15","6,721",0.82,30,0.64,Medium Low,0.71,Medium High,0.13,High,2,Medium Low,1.2,Low,2,Medium Low,0.03,Low,1,1,1,1,0,false,346,"6,167","6,513",217,Low,"20,676",238,781,0,0,false,0,5,1,0,Low,75,17,4,0,3,0,0,5,0,0.17,Low,0,,1,1,1,0.81,Above and Underground Network,Low,3,Low,0.55,Medium Low,Low,High,YES,0.07,95,6,NO,NO,NO,NO,NONE
QN08,St. Albans,Queens,"54,626","19,673.41","15,623",2.78,89,0.61,Low,0.73,Medium High,0.16,High,2,Medium High,1,Low,2,Medium Low,0.03,Low,1,1,1,20,0,false,548,"15,623","16,171",182,Low,"51,236",440,"1,791",0,0,false,0,9,22,0,Medium High,177,9,32,0,3,0,0,11,7,0.2,Low,0,,1,1,1,0.07,Above and Underground Network,Low,3,Low,1.39,Medium High,Low,High,NO,0,102,4,NO,NO,NO,NO,NONE
QN10,Breezy Point-Belle Harbor-Rockaway Park-Broad Channel,Queens,"28,243","7,918.81","10,803",3.57,64,0.75,Medium High,0.71,Medium High,0.04,Medium Low,1.9,Medium Low,1.3,Medium-Low,3,Medium High,0.13,Medium High,0.95,0.95,3,17,0,false,168,"10,803","10,971",171,Low,"28,409",90,641,0,0,false,0,9,16,0,Low,93,36,8,0,6,0,5,3,8,0.17,Low,0,,0.99,2,0.86,0,Above Ground (Utility Pole Presence),Low,3,Low,0.94,Medium High,Low,High,YES,0.1,43,0,NO,NO,NO,NO,NONE
QN12,Hammels-Arverne-Edgemere,Queens,"39,003","17,568.47","13,346",2.22,62,0.67,Medium Low,0.74,Medium High,0.06,High,1.7,Low,1.2,Medium-Low,2,Medium Low,0.34,High,0.89,0.89,6,9,0,false,295,"13,346","13,641",220,Low,"41,227",781,"3,300",0,"3,411",false,8,5,14,0,Medium Low,90,2,21,0,2,0,5,3,1,0.06,Low,0,,1,2,0.88,0,Above and Underground Network,Low,3,Low,1.14,Medium High,Low,High,YES,0.29,51,10,NO,NO,NO,NO,NONE
QN15,Far Rockaway-Bayswater,Queens,"54,264","27,933.29","16,904",1.94,58,0.62,Low,0.63,Low,0.05,Medium High,2,Medium High,1.3,Medium-Low,3,Medium High,0.06,Medium Low,0.97,0.96,6,11,0,false,524,"16,904","17,428",300,Medium Low,"51,612","1,052","3,239",0,604,false,2,14,22,0,Low,99,33,9,0,13,0,1,3,2,0.09,Low,0,,0.94,2,0.99,0,Above Ground (Utility Pole Presence),Average,4,Average,1.47,High,Average,Average,YES,0.26,83,0,NO,NO,NO,NO,NONE
QN17,Forest Hills,Queens,"86,531","41,718.45","39,394",2.07,67,0.78,High,0.72,Medium High,0.04,Medium Low,2,Medium High,1.3,Medium-Low,3,Medium High,0.1,Medium Low,1,1,5,30,24,true,"2,028","39,394","41,422",618,Medium High,"86,113",617,"2,679",0,430,false,5,12,7,0,Low,141,272,31,1,15,24,0,15,27,0.63,Medium High,0,,0.74,2,0.25,1,Above and Underground Network,Average,4.5,High,3.53,High,Average,Average,YES,0.35,48,0,NO,NO,NO,NO,NONE
QN18,Rego Park,Queens,"28,106","39,294.28","12,262",0.72,29,0.73,Medium High,0.65,Low,0.06,High,1.9,Medium Low,1.2,Low,2,Medium Low,0.15,Medium High,1,1,3,7,0,false,"1,183","12,262","13,445",464,Medium High,"30,912",373,"1,295",0,0,false,0,3,2,0,Low,52,102,20,0,6,0,2,3,14,0.59,Medium Low,0,,0.73,1,0.76,0.99,Above and Underground Network,Average,4.5,High,1.14,Medium High,Average,Average,YES,0.25,40,0,NO,NO,NO,NO,NONE
QN19,Glendale,Queens,"34,029","31,606.65","11,887",1.08,41,0.75,Medium High,0.73,Medium High,0.04,Medium Low,2.1,Medium High,1,Low,2,Medium Low,0.08,Medium Low,1,1,1,1,0,false,"1,962","11,887","13,849",338,Medium Low,"32,893",242,"1,120",0,0,false,0,3,4,0,Medium Low,88,29,12,0,3,0,3,8,5,0.32,Low,0,,0.85,2,0.42,1,Above and Underground Network,Average,4,Average,1.18,Medium High,Average,Average,NO,0.01,21,8,NO,NO,NO,NO,NONE
QN20,Ridgewood,Queens,"72,964","40,285.76","24,676",1.81,53,0.71,Medium High,0.73,Medium High,0.04,Medium Low,3,High,1.3,Medium-Low,3,Medium High,0.05,Low,1,1,2,2,0,false,"1,716","24,257","25,973",490,Medium High,"72,569",733,"4,211",0,0,true,0,12,8,0,Medium Low,140,140,21,0,11,0,1,13,24,0.7,Medium High,0,,0.07,2,0.66,0.94,Above and Underground Network,Average,4.5,High,2.22,High,Average,Average,YES,0.04,30,0,NO,NO,NO,NO,NONE
QN21,Middle Village,Queens,"38,033","18,381.93","14,751",2.07,53,0.78,High,0.7,Medium Low,0.04,Medium Low,2.7,High,1.1,Low,3,Medium High,0.11,Medium Low,1,1,2,9,0,false,780,"14,751","15,531",293,Medium Low,"38,281",279,929,0,0,false,0,3,14,0,Low,108,53,7,0,3,0,1,16,8,0.45,Medium Low,0,,0.32,2,0.88,0.56,Above and Underground Network,Average,4,Average,1.31,Medium High,Average,Average,YES,0.03,69,16,NO,NO,NO,NO,NONE
QN22,Flushing,Queens,"70,697","52,055.19","26,279",1.36,44,0.55,Low,0.6,Low,0.14,High,2.1,Medium High,1.5,Medium-High,5,High,0.07,Medium Low,0.99,0.99,5,6,0,false,"2,829","26,279","29,108",662,High,"82,525",709,"6,578",0,906,false,5,10,4,0,Low,79,190,35,0,16,0,18,11,42,1.2,High,0,,0.54,2,0.74,0.65,Above and Underground Network,High,4.5,High,2.44,High,High,Low,YES,0.74,68,16,NO,NO,NO,NO,NONE
QN23,College Point,Queens,"25,875","14,268.1","7,778",1.81,44,0.68,Medium Low,0.61,Low,0.09,High,1.9,Medium Low,1.1,Low,3,Medium High,0.08,Medium Low,0.96,0.96,1,1,0,false,"1,594","7,778","9,372",213,Low,"25,650",238,"1,421",0,13,false,0,1,18,0,Low,76,22,15,0,5,0,0,4,10,0.32,Low,0,,1,2,0.98,0,Above and Underground Network,Low,3,Low,0.8,Medium Low,Low,High,YES,0.15,64,16,NO,NO,NO,NO,NONE
QN25,Corona,Queens,"58,626","81,397.54","16,379",0.72,27,0.67,Medium Low,0.7,Medium Low,0.06,High,2.6,High,1.3,Medium-High,2,Medium Low,0.16,Medium High,1,1,2,1,0,false,"1,442","16,379","17,821",660,High,"60,098","1,267","4,084",0,0,false,0,5,7,0,Low,58,29,18,0,3,0,1,13,5,0.67,Medium High,0,,0.23,2,0.91,1,Above and Underground Network,Average,4.5,High,1.55,High,Average,Average,YES,0.27,59,2,NO,NO,NO,NO,NONE
QN26,North Corona,Queens,"54,677","84,684.68","11,915",0.65,24,0.63,Low,0.68,Medium Low,0.05,Medium High,2.4,Medium High,1.1,Low,2,Medium Low,0.04,Low,0.99,0.99,5,2,1,true,"1,442","11,915","13,357",557,Medium High,"57,526",478,"3,778",0,0,false,0,8,3,0,Medium High,59,91,3,0,3,1,3,14,10,1,Medium High,0,,0.73,2,0.81,1,Above and Underground Network,Average,4.5,High,1.16,Medium High,Average,Average,YES,0.13,37,2,NO,NO,NO,NO,NONE
QN27,East Elmhurst,Queens,"21,760","30,753.46","5,850",0.71,29,0.7,Medium Low,0.69,Medium Low,0.03,Low,1.9,Medium Low,1.4,Medium-High,3,Medium High,0.13,Medium High,0.98,0.98,3,3,1,true,353,"5,850","6,203",214,Low,"24,989",197,"1,274",0,0,false,0,5,8,0,Low,57,22,14,0,2,1,1,8,7,0.52,Medium Low,0,,1,1,0.93,1,Above and Underground Network,Low,3,Low,0.55,Medium Low,Low,High,YES,0.08,46,4,NO,NO,NO,NO,NONE
QN28,Jackson Heights,Queens,"104,125","60,660.14","36,101",1.72,62,0.75,Medium High,0.76,High,0.03,Low,1.9,Medium Low,1.2,Medium-Low,3,Medium High,0.19,Medium High,0.99,0.99,3,25,24,true,994,"36,101","37,095",598,Medium High,"114,051","1,753","6,395",0,0,false,0,9,7,0,Medium Low,123,226,26,0,39,24,5,35,17,0.84,Medium High,0,,0.89,2,0.5,1,Above and Underground Network,Average,4.5,High,3.23,High,Average,Average,YES,0.31,62,23,NO,NO,NO,NO,NONE
QN29,Elmhurst,Queens,"83,663","71,384.84","26,214",1.17,46,0.72,Medium High,0.68,Medium Low,0.05,Medium High,2.6,High,1.3,Medium-Low,3,Medium High,0.12,Medium High,1,1,3,39,29,true,"1,683","26,214","27,897",606,Medium High,"92,647","1,141","6,122",0,0,false,0,9,10,2,High,102,174,21,0,16,29,8,17,11,0.61,Medium Low,0,,0.17,3,0.78,0.9,Above and Underground Network,Average,4.5,High,2.44,High,Average,Average,YES,0.3,55,6,YES,YES,YES,NO,"Average to High underground interference from existing utilities.  
Average to high make-ready requirements. Of the sample poles surveyed 50% required make-ready, and 33% required pole replacement. 
General findings for this area include; the presence of call boxes and low voltage wires on pole lines, poles with power attachment removed leaving only the telecom space remaining, and spacing issues with current utility attachments in the telecom space.
Additionally, some locations had power service drops and telecom service drops crossing in the same space without proper clearance between the two."
QN30,Maspeth,Queens,"29,111","22,776.95","10,438",1.28,50,0.77,Medium High,0.7,Medium Low,0.04,Medium Low,3.2,High,1.2,Medium-Low,3,Medium High,0.12,Medium High,1,1,2,1,0,false,"1,261","10,857","12,118",242,Low,"31,153",226,"1,163",0,0,true,0,6,14,0,Medium Low,102,53,16,0,5,0,0,6,3,0.18,Low,0,,0.07,3,1,0.53,Above and Underground Network,Low,3,Low,1.04,Medium High,Low,High,YES,0.08,15,4,NO,NO,NO,NO,NONE
QN31,Hunters Point-Sunnyside-West Maspeth,Queens,"66,926","18,232.32","28,658",3.67,111,0.8,High,0.8,High,0.04,Medium Low,2.5,Medium High,1.5,Medium-High,4,High,0.39,High,1,1,3,52,42,true,"2,270","28,658","30,928",279,Medium Low,"119,758",938,"2,770",0,0,true,0,17,27,0,Medium Low,201,337,48,1,35,42,16,49,13,0.56,Medium Low,0,,0.53,3,0.57,0.74,Above and Underground Network,Average,4,Average,2.61,High,Average,Average,YES,0.39,104,74,NO,NO,NO,NO,NONE
QN33,Cambria Heights,Queens,"19,546","16,475.07","6,190",1.19,42,0.75,Medium High,0.77,High,0.08,High,2,Medium High,1,Low,1,Low,0.05,Medium Low,1,0.99,1,1,0,false,157,"6,190","6,347",151,Low,"18,767",199,291,0,0,false,0,6,2,0,Low,64,0,8,0,3,0,0,10,9,0.45,Medium Low,0,,0.99,1,0.7,0,Above Ground (Utility Pole Presence),Low,3,Low,0.54,Medium Low,Low,High,NO,0,108,55,NO,NO,NO,NO,NONE
QN34,Queens Village,Queens,"54,732","21,945.24","14,946",2.49,92,0.78,High,0.74,Medium High,0.05,Medium High,1.9,Medium Low,1.1,Low,2,Medium Low,0.07,Medium Low,1,1,1,1,0,false,263,"15,500","15,763",171,Low,"52,924",810,"2,323",0,0,false,0,4,12,0,Medium Low,193,67,20,0,4,0,0,4,6,0.11,Low,0,,0.98,1,1,0.43,Above and Underground Network,Low,3,Low,1.35,Medium High,Low,High,NO,0,43,35,NO,NO,NO,NO,NONE
QN35,Briarwood-Jamaica Hills,Queens,"42,224","40,175.45","8,659",1.05,42,0.75,Medium High,0.77,High,0.06,High,1.9,Medium Low,1.2,Medium-Low,3,Medium High,0.16,Medium High,0.99,0.99,1,2,0,false,"1,121","14,198","15,319",365,Medium Low,"41,833",326,"2,123",0,0,false,0,14,4,0,Low,86,64,17,0,1,0,1,6,13,0.45,Medium Low,0,,0.9,1,0.81,0.98,Above and Underground Network,Average,4,Average,1.31,Medium High,Average,Average,YES,0.34,191,0,YES,YES,NO,NO,Average underground interference from existing utilities.
QN37,Kew Gardens Hills,Queens,"38,404","28,259.17","13,133",1.36,47,0.77,Medium High,0.71,Medium High,0.04,Medium Low,1.8,Low,1.1,Low,2,Medium Low,0.25,High,1,1,2,1,0,false,700,"13,133","13,833",294,Medium Low,"37,852",413,"1,521",0,0,false,0,12,3,0,Medium Low,92,71,32,0,2,0,2,7,18,0.53,Medium Low,0,,0.97,1,0.13,0.76,Above and Underground Network,Average,4,Average,1.19,Medium High,Average,Average,YES,0.18,137,51,NO,NO,NO,NO,NONE
QN38,Pomonok-Flushing Heights-Hillcrest,Queens,"36,416","26,142.73","12,076",1.39,54,0.71,Medium Low,0.66,Low,0.04,Medium Low,1.9,Medium Low,1.2,Medium-Low,2,Medium Low,0.07,Medium Low,1,1,1,1,0,false,856,"12,076","12,932",239,Low,"35,038",628,"2,029",0,"2,071",false,3,4,3,1,Medium Low,75,33,33,0,4,0,0,12,16,0.52,Medium Low,0,,1,2,0.71,0.19,Above and Underground Network,Low,3,Low,1.09,Medium High,Low,High,YES,0.29,100,23,NO,NO,NO,NO,NONE
QN41,Fresh Meadows-Utopia,Queens,"18,700","18,770.79","6,658",1,42,0.82,High,0.79,High,0.04,Medium Low,2.1,Medium High,1,Low,2,Medium Low,0.1,Medium Low,1,1,2,5,0,false,658,"6,658","7,316",174,Low,"17,961",219,782,0,0,false,0,3,1,0,Low,50,40,14,0,3,0,0,3,0,0.07,Low,0,,0.64,1,0.24,0.46,Above and Underground Network,Low,3,Low,0.63,Medium Low,Low,High,YES,0.23,244,8,NO,NO,NO,NO,NONE
QN42,Oakland Gardens,Queens,"28,669","15,668.18","11,169",1.83,60,0.81,High,0.74,Medium High,0.05,Medium High,1.9,Medium Low,1.1,Low,3,Medium High,0.1,Medium Low,1,1,2,1,0,false,550,"11,169","11,719",195,Low,"28,981",162,"1,005",0,0,false,0,7,1,0,Low,94,19,15,0,3,0,0,13,12,0.42,Medium Low,0,,0.9,1,1,0,Above Ground (Utility Pole Presence),Low,3,Low,0.99,Medium High,Low,High,YES,0.07,119,8,NO,NO,NO,NO,NONE
QN43,Bellerose,Queens,"26,916","13,598.4","8,235",1.98,68,0.8,High,0.73,Medium High,0.05,Medium High,1.9,Medium Low,1.2,Low,3,Medium High,0.13,Medium High,1,1,1,7,0,false,264,"8,235","8,499",125,Low,"25,458",131,758,0,0,false,0,8,1,0,Medium Low,104,35,15,0,4,0,0,11,6,0.25,Low,0,,0.94,1,0.7,0.02,Above and Underground Network,Low,3,Low,0.72,Medium Low,Low,High,NO,0,169,2,NO,NO,NO,NO,NONE
QN44,Glen Oaks-Floral Park-New Hyde Park,Queens,"23,344","14,251.68","8,945",1.64,49,0.76,Medium High,0.71,Medium Low,0.03,Low,2.2,Medium High,1.1,Low,2,Medium Low,0.09,Medium Low,1,1,1,1,0,false,150,"8,945","9,095",186,Low,"22,767",60,397,0,0,false,0,6,2,0,None,68,28,9,0,3,0,0,12,2,0.29,Low,0,,0.89,1,0.45,0,Above Ground (Utility Pole Presence),Low,3,Low,0.81,Medium Low,Low,High,YES,0.06,118,8,YES,YES,NO,NO,Average to low underground interference from existing utilities.
QN45,Douglas Manor-Douglaston-Little Neck,Queens,"25,738","10,494.22","9,783",2.45,91,0.8,High,0.72,Medium High,0.04,Medium Low,2,Medium High,1.1,Low,2,Medium Low,0.12,Medium High,1,1,3,2,0,false,393,"9,783","10,176",112,Low,"25,016",25,663,0,0,false,0,5,12,0,Medium Low,116,44,4,0,8,0,0,0,8,0.09,Low,0,,0.93,2,0.64,0,Above Ground (Utility Pole Presence),Low,3,Low,0.86,Medium Low,Low,High,YES,0.03,63,4,NO,NO,NO,NO,NONE
QN46,Bayside-Bayside Hills,Queens,"44,864","15,480.77","15,707",2.9,110,0.83,High,0.76,High,0.05,Medium High,1.9,Medium Low,1.1,Low,3,Medium High,0.07,Medium Low,0.99,0.99,1,1,0,false,925,"15,707","16,632",151,Low,"44,484",264,"1,337",0,0,false,0,8,9,0,High,192,129,13,0,22,0,1,12,40,0.47,Medium Low,0,,1,2,0.99,0.26,Above and Underground Network,Low,3,Low,1.42,Medium High,Low,High,YES,0.04,213,0,YES,YES,YES,NO,"Average to low underground interference from existing utilities.
Low make-ready requirements. Of the sample poles surveyed 60% required make-ready, and 0% required pole replacement. 
General findings for this area include; spacing issues with current utility attachments in the telecom space, broken lashing wire on some attachments, and some locations had telecom service drops crossing the roadway without proper clearance."
QN47,Ft. Totten-Bay Terrace-Clearview,Queens,"21,945","13,216.21","9,887",1.66,43,0.78,High,0.72,Medium High,0.06,High,1.8,Medium Low,1.1,Low,3,Medium High,0.32,High,0.77,0.77,3,2,0,false,469,"9,887","10,356",241,Low,"21,920",38,502,0,0,false,0,4,3,0,Low,86,18,20,0,0,0,0,6,13,0.44,Medium Low,0,,1,1,0.44,0.37,Above and Underground Network,Low,3,Low,0.89,Medium High,Low,High,YES,0.18,273,24,NO,NO,NO,NO,NONE
QN48,Auburndale,Queens,"20,609","16,817.81","6,937",1.23,49,0.79,High,0.72,Medium High,0.05,Medium High,1.9,Medium Low,1.1,Low,2,Medium Low,0.08,Medium Low,0.99,0.99,1,1,0,false,"1,071","6,937","8,008",163,Low,"20,412",98,660,0,0,false,0,4,2,0,Low,79,23,14,0,2,0,0,10,14,0.49,Medium Low,0,,1,1,0.61,0.36,Above and Underground Network,Low,3,Low,0.68,Medium Low,Low,High,YES,0.05,170,45,NO,NO,NO,NO,NONE
QN49,Whitestone,Queens,"31,090","12,554.35","11,275",2.48,83,0.81,High,0.7,Medium Low,0.04,Medium Low,1.9,Medium Low,1.1,Low,2,Medium Low,0.12,Medium High,0.97,0.97,1,1,0,false,934,"11,275","12,209",147,Low,"31,394",126,848,0,0,false,0,4,13,0,Low,131,34,11,0,2,0,0,6,29,0.42,Medium Low,0,,1,2,0.97,0.1,Above and Underground Network,Low,3,Low,1.03,Medium High,Low,High,YES,0.09,139,21,NO,NO,NO,NO,NONE
QN50,Elmhurst-Maspeth,Queens,"26,460","33,642.65","7,825",0.79,34,0.79,High,0.79,High,0.02,Low,2.6,High,1.3,Medium-Low,3,Medium High,0.21,High,1,1,0,12,12,true,"1,680","7,825","9,505",280,Medium Low,"29,655",422,"1,344",0,0,true,0,5,3,0,Low,55,39,4,0,3,12,3,3,4,0.21,Low,0,,0.26,3,0.56,0.89,Above and Underground Network,Average,4,Average,0.83,Medium Low,Average,Average,YES,0.18,54,3,NO,NO,NO,NO,NONE
QN51,Murray Hill,Queens,"52,659","27,970.68","17,653",1.88,57,0.65,Medium Low,0.63,Low,0.07,High,2,Medium Low,1.2,Low,3,Medium High,0.04,Low,1,1,1,6,0,false,"2,404","17,653","20,057",352,Medium Low,"52,719",687,"3,173",0,0,false,0,6,5,0,Low,120,83,22,0,1,0,0,8,33,0.72,Medium High,0,,0.81,2,0.99,0.75,Above and Underground Network,Average,4,Average,1.72,High,Average,Average,YES,0.13,98,8,NO,NO,NO,NO,NONE
QN52,East Flushing,Queens,"26,436","25,023.55","8,231",1.06,31,0.69,Medium Low,0.63,Low,0.05,Medium High,2,Medium High,1,Low,2,Medium Low,0.01,Low,1,1,2,4,0,false,"1,739","8,231","9,970",322,Medium Low,"27,661",253,"1,741",0,0,false,0,2,3,0,Low,71,29,9,0,3,0,0,3,15,0.58,Medium Low,0,,0.93,1,0.98,0.78,Above and Underground Network,Average,4,Average,0.86,Medium Low,Average,Average,YES,0.07,91,0,NO,NO,NO,NO,NONE
QN53,Woodhaven,Queens,"62,821","47,335.92","17,208",1.33,54,0.76,Medium High,0.75,Medium High,0.06,High,2,Medium High,1,Low,1,Low,0.05,Low,1,1,2,19,14,true,499,"17,208","17,707",328,Medium Low,"58,665",484,"3,000",0,0,false,0,6,9,0,Low,75,91,17,0,4,14,6,4,20,0.44,Medium Low,0,,0.89,1,1,0.96,Above and Underground Network,Average,4,Average,1.52,High,Average,Average,YES,0.02,191,0,YES,YES,YES,NO,"Average to high underground interference from existing utilities. 
Average to low make-ready requirements. Of the sample poles surveyed 33% required make-ready, and 0% required pole replacement. 
General findings for this area include; the presence of call boxes and low voltage wires on pole lines and telecom drop that do not meet proper clearances."
QN54,Richmond Hill,Queens,"68,275","37,339.48","17,392",1.83,61,0.73,Medium High,0.77,High,0.06,High,1.9,Medium Low,1.2,Medium-Low,3,Medium High,0.07,Medium Low,1,1,2,29,23,true,741,"17,392","18,133",297,Medium Low,"67,126",722,"3,863",0,0,true,0,13,8,0,Medium Low,129,92,34,0,16,22,1,16,19,0.57,Medium Low,0,,1,1,0.75,0.96,Above and Underground Network,Average,4,Average,1.56,High,Average,Average,NO,0.001,107,34,NO,NO,NO,NO,NONE
QN55,South Ozone Park,Queens,"85,411","28,877.26","21,939",2.96,95,0.76,Medium High,0.73,Medium High,0.04,Medium Low,1.9,Medium Low,1.1,Low,2,Medium Low,0.09,Medium Low,0.98,0.98,2,2,0,false,522,"21,939","22,461",236,Low,"76,732","1,229","4,157",0,0,false,0,10,22,0,High,130,187,20,1,8,0,0,21,15,0.38,Low,0,,1,2,1,0.01,Above and Underground Network,Low,3,Low,1.93,High,Low,High,YES,0.04,76,17,NO,NO,NO,NO,NONE
QN56,Ozone Park,Queens,"23,415","26,082.17","6,909",0.9,33,0.8,High,0.78,High,0.07,High,1.9,Medium Low,1,Low,1,Low,0.11,Medium Low,1,1,1,1,0,false,429,"6,909","7,338",222,Low,"21,774",159,"1,096",0,0,false,0,6,12,0,Low,39,67,10,0,3,0,3,8,9,0.52,Medium Low,0,,0.98,2,1,0.21,Above and Underground Network,Low,3,Low,0.63,Medium Low,Low,High,NO,0.01,140,8,NO,NO,NO,NO,NONE
QN57,Lindenwood-Howard Beach,Queens,"28,247","12,309.69","10,511",2.29,66,0.73,Medium High,0.65,Low,0.05,Medium High,1.9,Medium Low,1,Low,1,Low,0.18,Medium High,0.96,0.96,1,1,0,false,477,"10,511","10,988",166,Low,"26,339",123,"1,131",0,0,false,0,3,28,0,Low,82,52,10,0,1,0,3,6,4,0.15,Low,0,,0.98,2,1,0.02,Above and Underground Network,Low,3,Low,0.94,Medium High,Low,High,YES,0.05,152,0,YES,YES,YES,NO,"Low underground interference from existing utilities.  
Low make-ready requirements. Of the sample poles surveyed 0% required make-ready, and 0% required pole replacement. 
General findings for this area include; no substantial compliance violations or make ready concerns."
QN60,Kew Gardens,Queens,"23,719","32,150.67","10,154",0.74,32,0.74,Medium High,0.72,Medium High,0.05,Medium High,1.8,Low,1.4,Medium-High,3,Medium High,0.28,High,0.94,0.94,0,10,5,true,556,"10,154","10,710",335,Medium Low,"23,619",362,"1,126",0,0,false,0,1,8,0,Low,43,40,13,0,6,5,1,4,10,0.44,Medium Low,0,,0.94,1,0.11,1,Above and Underground Network,Average,4,Average,0.9,Medium High,Average,Average,YES,0.55,126,8,NO,NO,NO,NO,NONE
QN61,Jamaica,Queens,"55,597","32,764.93","21,370",1.7,55,0.64,Medium Low,0.68,Medium Low,0.08,High,1.8,Low,1.3,Medium-Low,3,Medium High,0.14,Medium High,1,1,5,25,18,true,757,"15,831","16,588",302,Medium Low,"65,735","1,166","4,257",100,530,true,3,9,16,0,Medium High,154,195,34,0,6,18,18,30,23,0.96,Medium High,0,,1,1,0.94,0.87,Above and Underground Network,Average,4,Average,1.43,High,Average,Average,YES,0.42,189,4,NO,NO,NO,NO,NONE
QN62,Queensboro Hill,Queens,"21,460","22,525.02","5,968",0.95,35,0.68,Medium Low,0.69,Medium Low,0.08,High,1.9,Medium Low,1.1,Low,2,Medium Low,0.11,Medium High,1,1,1,7,0,false,"1,657","5,968","7,625",218,Low,"21,179",210,"1,480",0,0,false,0,2,3,0,Low,61,44,11,0,0,0,4,5,13,0.51,Medium Low,0,,1,1,0.88,0.73,Above and Underground Network,Low,3,Low,0.65,Medium Low,Low,High,NO,0.01,222,7,NO,NO,NO,NO,NONE
QN63,Woodside,Queens,"45,702","45,106.27","15,879",1.01,42,0.78,High,0.78,High,0.03,Low,2.5,High,1.3,Medium-Low,3,Medium High,0.25,High,1,1,1,16,7,true,"1,675","15,879","17,554",418,Medium Low,"51,598",619,"2,253",0,0,true,0,4,8,0,Low,58,89,17,0,5,6,2,12,7,0.45,Medium Low,0,,0.28,3,0.65,0.94,Above and Underground Network,Average,4,Average,1.52,High,Average,Average,YES,0.39,127,21,NO,NO,NO,NO,NONE
QN66,Laurelton,Queens,"26,924","18,867.48","8,085",1.43,57,0.62,Low,0.76,High,0.16,High,2,Medium High,1.1,Low,2,Medium Low,0.01,Low,1,1,1,1,0,false,482,"8,085","8,567",150,Low,"24,903",309,586,0,0,false,0,5,10,0,Low,42,20,9,0,2,0,0,7,18,0.44,Medium Low,0,,1,1,1,0,Above Ground (Utility Pole Presence),Low,3,Low,0.73,Medium Low,Low,High,NO,0,94,4,NO,NO,NO,NO,NONE
QN68,Queensbridge-Ravenswood-Long Island City,Queens,"18,927","22,630.87","7,912",0.84,29,0.66,Medium Low,0.69,Medium Low,0.04,Medium Low,3.4,High,1.6,Medium-High,4,High,0.12,Medium High,1,1,6,29,8,true,"2,319","7,912","10,231",353,Medium Low,"31,059",651,"1,996",0,"5,313",true,12,10,1,0,Medium Low,73,64,18,0,3,8,5,18,7,0.86,Medium High,0,,0.51,3,0.59,0.91,Above and Underground Network,Average,4,Average,0.87,Medium High,Average,Average,YES,0.79,190,15,YES,YES,NO,YES,"Average to high underground interference from existing utilities.  
Area suitable for fixed wireless."
QN70,Astoria,Queens,"77,252","54,755.49","33,929",1.41,44,0.77,Medium High,0.76,High,0.04,Medium Low,2.5,High,1.4,Medium-High,3,Medium High,0.2,Medium High,1,1,2,54,51,true,"1,283","33,929","35,212",800,High,"90,077",988,"3,503",0,"3,523",true,7,9,14,0,Medium Low,107,327,44,1,15,50,0,15,11,0.59,Medium Low,0,,0.32,3,0.74,1,Above and Underground Network,High,4.5,High,3.05,High,High,Low,YES,0.49,227,7,NO,NO,NO,NO,NONE
QN71,Old Astoria,Queens,"28,110","50,172.21","11,217",0.56,18,0.76,Medium High,0.74,Medium High,0.04,Medium Low,2.8,High,1.2,Medium-Low,3,Medium High,0.12,Medium High,0.99,0.99,2,7,6,true,782,"11,217","11,999",667,High,"41,693",517,"1,684",0,"1,104",false,5,6,1,0,Low,45,43,13,0,6,2,1,9,5,0.78,Medium High,0,,0.17,3,0.96,0.9,Above and Underground Network,High,4.5,High,1.05,Medium High,High,Low,YES,0.96,69,0,NO,NO,NO,NO,NONE
QN72,Steinway,Queens,"48,179","23,250.67","19,560",2.07,56,0.8,High,0.77,High,0.03,Low,2.5,High,1.1,Low,3,Medium High,0.22,High,1,1,1,1,0,false,929,"19,560","20,489",366,Medium Low,"53,110",501,"1,612",0,0,true,0,5,10,0,Medium Low,112,85,32,0,3,0,0,16,13,0.52,Medium Low,0,,0.15,2,0.79,0.93,Above and Underground Network,Average,4,Average,1.77,High,Average,Average,NO,0.01,176,8,NO,NO,NO,NO,NONE
QN76,Baisley Park,Queens,"39,079","24,737.82","11,142",1.58,51,0.59,Low,0.76,High,0.16,High,1.9,Medium Low,1,Low,2,Medium Low,0.06,Medium Low,1,1,2,17,0,false,539,"11,142","11,681",229,Low,"35,735",442,"1,552",0,386,false,3,8,9,1,Medium Low,114,0,13,0,3,0,0,19,6,0.49,Medium Low,0,,1,2,1,0,Above Ground (Utility Pole Presence),Low,3,Low,0.98,Medium High,Low,High,YES,0.05,73,0,NO,NO,NO,NO,NONE
QN98,Airport,Queens,0,0,0,8.16,70,0,Low,0,Low,0,Low,1.1,Low,1.3,Medium-High,2,Medium Low,0.95,High,0.11,0.11,0,0,0,false,,,,,,,,,,,,,,,,,,,,,,,0,3,0,0.04,Low,,,,,,,,,,,,,,,,,,,,,,,
QN99,park-cemetery-etc-Queens,Queens,"1,785",159.66,55,11.18,196,0.76,Medium High,0.62,Low,0,Low,1.3,Low,1.2,Medium-Low,2,Medium Low,0.84,High,0.38,0.38,1,12,0,false,,,,,,,,,,,,,,,,,,,,,,,7,9,9,0.09,Low,,,,,,,,,,,,,,,,,,,,,,,
SI01,Annadale-Huguenot-Prince's Bay-Eltingville,Staten Island,"28,698","5,672.15","10,105",5.06,101,0.82,High,0.75,Medium High,0.03,Low,1.8,Medium Low,1.2,Low,2,Medium Low,0.15,Medium High,0.98,0.98,0,5,0,false,870,"10,105","10,975",109,Low,"29,409",153,610,0,0,false,0,8,12,0,Medium Low,168,10,12,1,3,0,0,0,55,0.54,Medium Low,0,,1,1,0.98,0,Above Ground (Utility Pole Presence),Low,3,Low,0.93,Medium High,Low,High,NO,0,109,0,NO,NO,NO,NO,NONE
SI05,New Springville-Bloomfield-Travis,Staten Island,"40,907","3,479.59","13,780",11.76,166,0.78,High,0.69,Medium Low,0.02,Low,1.8,Low,1.2,Medium-Low,5,High,0.31,High,0.84,0.84,2,5,0,false,"1,868","13,780","15,648",94,Low,"42,440",364,"1,328",0,502,true,2,5,22,0,Low,204,0,20,0,3,0,0,0,40,0.24,Low,0,,1,1,0.42,0,Above Ground (Utility Pole Presence),Low,3,Low,1.34,Medium High,Low,High,YES,0.02,121,8,NO,NO,NO,NO,NONE
SI07,Westerleigh,Staten Island,"24,131","10,636.05","8,966",2.27,68,0.79,High,0.74,Medium High,0.02,Low,2,Medium Low,1.3,Medium-Low,3,Medium High,0.02,Low,1,1,1,8,0,false,"1,410","8,966","10,376",153,Low,"24,371",92,546,0,0,false,0,2,10,0,Low,157,33,9,0,1,0,0,1,28,0.43,Medium Low,0,,1,1,1,0,Above Ground (Utility Pole Presence),Low,3,Low,0.89,Medium High,Low,High,YES,0.02,387,0,NO,NO,NO,NO,NONE
SI08,Grymes Hill-Clifton-Fox Hills,Staten Island,"21,636","15,978.04","7,509",1.35,32,0.65,Medium Low,0.71,Medium High,0.05,Medium High,1.9,Medium Low,1.2,Medium-Low,2,Medium Low,0.09,Medium Low,1,1,0,0,0,false,673,"7,509","8,182",256,Medium Low,"22,994",489,"1,256",0,0,false,0,3,5,0,None,94,4,8,0,0,0,0,1,22,0.72,Medium High,0,,1,1,1,0,Above Ground (Utility Pole Presence),Low,3,Low,0.71,Medium Low,Low,High,YES,0.23,901,13,NO,NO,NO,NO,NONE
SI11,Charleston-Richmond Valley-Tottenville,Staten Island,"24,794","4,745.21","8,157",5.23,83,0.79,High,0.71,Medium High,0.03,Low,1.8,Medium Low,1.2,Medium-Low,2,Medium Low,0.18,Medium High,0.95,0.95,1,1,0,false,640,"8,157","8,797",106,Low,"25,934",125,680,0,0,true,0,4,35,0,Medium Low,112,1,2,0,1,0,0,1,34,0.42,Medium Low,0,,1,1,0.97,0,Above Ground (Utility Pole Presence),Low,3,Low,0.75,Medium Low,Low,High,YES,0.04,174,4,NO,NO,NO,NO,NONE
SI12,Mariner's Harbor-Arlington-Port Ivory-Graniteville,Staten Island,"29,956","9,378.8","10,214",3.19,51,0.68,Medium Low,0.66,Low,0.05,Medium High,1.9,Medium Low,1.2,Low,2,Medium Low,0.14,Medium High,0.96,0.96,2,0,0,false,538,"10,214","10,752",211,Low,"31,963",821,"2,185",0,607,true,3,3,12,0,Low,128,0,16,0,5,0,0,0,25,0.49,Medium Low,0,,1,1,0.71,0,Above Ground (Utility Pole Presence),Average,4,Average,0.91,Medium High,Average,Average,YES,0.04,104,21,YES,YES,YES,NO,"Low underground interference from existing utilities.  
Low make-ready requirements. Of the sample poles surveyed 62% required make-ready, and 1% required pole replacement. 
General findings for this area include; poles with power attachment removed leaving only the telecom space remaining, and spacing issues with current utility attachments in the telecom space.
Additionally, some locations had telecom service drops crossing the roadway without proper clearance."
SI14,Grasmere-Arrochar-Ft. Wadsworth,Staten Island,"15,896","10,828.88","5,667",1.47,41,0.74,Medium High,0.69,Medium Low,0.05,Medium High,1.7,Low,1.3,Medium-High,2,Medium Low,0.26,High,0.94,0.94,2,3,2,true,876,"5,667","6,543",160,Low,"16,215",207,667,0,422,false,1,4,2,0,None,77,2,11,1,5,2,0,1,8,0.22,Low,0,,1,1,0.71,0,Above Ground (Utility Pole Presence),Low,3,Low,0.55,Medium Low,Low,High,NO,0.01,401,16,NO,NO,NO,NO,NONE
SI22,West New Brighton-New Brighton-St. George,Staten Island,"33,175","16,500.07","12,155",2.01,53,0.65,Medium Low,0.6,Low,0.03,Low,1.9,Medium Low,1.2,Medium-Low,3,Medium High,0.07,Medium Low,0.97,0.97,3,18,0,false,603,"12,155","12,758",241,Low,"39,327",882,"2,601",0,"2,137",true,5,10,16,0,High,165,68,21,0,8,0,4,2,33,0.66,Medium High,0,,1,2,0.97,0,Above Ground (Utility Pole Presence),Low,3,Low,1.08,Medium High,Low,High,YES,0.13,113,0,NO,NO,NO,NO,NONE
SI24,Todt Hill-Emerson Hill-Heartland Village-Lighthouse Hill,Staten Island,"32,276","4,867.1","11,525",6.63,93,0.78,High,0.72,Medium High,0.03,Low,1.9,Medium Low,1.1,Low,2,Medium Low,0.12,Medium High,0.98,0.98,2,3,2,true,"1,389","11,525","12,914",139,Low,"31,576",183,886,0,0,false,0,8,5,3,Low,173,0,10,0,0,1,0,0,50,0.54,Medium Low,0,,1,1,0.79,0,Above Ground (Utility Pole Presence),Low,3,Low,1.11,Medium High,Low,High,YES,0.04,154,20,NO,NO,NO,NO,NONE
SI25,Oakwood-Oakwood Beach,Staten Island,"20,618","10,272.79","7,917",2.01,52,0.74,Medium High,0.65,Low,0.04,Medium Low,1.9,Medium Low,1.2,Medium-Low,2,Medium Low,0.06,Medium Low,0.99,0.99,0,4,4,true,"1,143","7,917","9,060",174,Low,"22,059",156,575,0,0,false,0,2,14,0,Low,115,6,11,0,1,4,0,0,21,0.4,Low,0,,1,1,0.97,0,Above Ground (Utility Pole Presence),Low,3,Low,0.78,Medium Low,Low,High,NO,0,508,17,NO,NO,NO,NO,NONE
SI28,Port Richmond,Staten Island,"19,141","14,652.27","6,498",1.31,61,0.67,Medium Low,0.64,Low,0.04,Medium Low,1.9,Medium Low,1.2,Low,3,Medium High,0.12,Medium High,0.99,0.99,2,1,0,false,792,"6,498","7,290",120,Low,"22,650",390,"1,006",0,0,true,0,6,9,0,Low,105,23,5,0,4,0,0,0,18,0.3,Low,0,,0.99,1,1,0,Above Ground (Utility Pole Presence),Low,3,Low,0.62,Medium Low,Low,High,NO,0,154,0,NO,NO,NO,NO,NONE
SI32,Rossville-Woodrow,Staten Island,"21,397","9,182.84","7,586",2.33,56,0.81,High,0.74,Medium High,0.04,Medium Low,1.9,Medium Low,1.1,Low,2,Medium Low,0.1,Medium Low,1,1,1,1,0,false,814,"7,586","8,400",150,Low,"22,560",131,842,0,0,false,0,1,8,0,None,47,0,1,0,0,0,0,0,29,0.52,Medium Low,0,,1,1,0.99,0,Above Ground (Utility Pole Presence),Low,3,Low,0.71,Medium Low,Low,High,NO,0,100,0,NO,NO,NO,NO,NONE
SI35,New Brighton-Silver Lake,Staten Island,"18,083","10,695.45","6,037",1.69,42,0.75,Medium High,0.68,Medium Low,0.04,Medium Low,2,Medium High,1.2,Medium-Low,3,Medium High,0.01,Low,1,1,1,1,0,false,632,"6,037","6,669",159,Low,"17,920",119,797,0,0,false,0,3,6,0,Low,119,63,7,0,3,0,2,0,16,0.38,Low,0,,1,1,1,0,Above Ground (Utility Pole Presence),Average,4,Average,0.58,Medium Low,Average,Average,YES,0.05,179,0,NO,NO,NO,NO,NONE
SI36,Old Town-Dongan Hills-South Beach,Staten Island,"24,927","10,371.16","8,641",2.4,60,0.72,Medium High,0.67,Low,0.03,Low,1.9,Medium Low,1.2,Medium-Low,2,Medium Low,0.07,Medium Low,0.99,0.99,1,20,8,true,899,"8,641","9,540",159,Low,"25,478",369,"1,127",0,506,false,4,2,23,0,Low,105,26,14,0,1,6,0,1,13,0.23,Low,0,N/A,1,1,0.96,0,Above Ground (Utility Pole Presence),Low,3,Low,0.8,Medium Low,Low,High,YES,0.04,184,8,YES,YES,YES,NO,"Average to low underground interference from existing utilities.  
Low make-ready requirements. Of the sample poles surveyed 29% required make-ready, and 0% required pole replacement. 
General findings for this area include; spacing issues with current utility attachments in the telecom space and some existing attachments are lashed together with nylon straps.
Average to high underground interference from existing utilities."
SI37,Stapleton-Rosebank,Staten Island,"26,247","15,720.73","9,512",1.67,50,0.68,Medium Low,0.63,Low,0.03,Low,1.9,Medium Low,1.3,Medium-Low,3,Medium High,0.09,Medium Low,0.98,0.98,1,5,0,false,790,"9,512","10,302",206,Low,"39,068",676,"1,693",0,970,false,4,6,9,0,Low,146,27,25,0,3,0,6,2,22,0.48,Medium Low,0,N/A,0.99,2,0.96,0,Above Ground (Utility Pole Presence),Low,3,Low,0.87,Medium High,Low,High,YES,0.1,128,12,NO,NO,NO,NO,NONE
SI45,New Dorp-Midland Beach,Staten Island,"21,358","10,741.65","7,612",1.99,53,0.77,Medium High,0.69,Medium Low,0.03,Low,2,Medium Low,1.2,Medium-Low,3,Medium High,0.03,Low,0.99,0.99,1,23,18,true,"1,133","7,612","8,745",165,Low,"22,284",238,808,0,0,false,0,5,20,0,Low,112,48,23,0,4,16,0,1,14,0.28,Low,0,N/A,1,1,0.98,0,Above Ground (Utility Pole Presence),Low,3,Low,0.75,Medium Low,Low,High,NO,0,152,0,NO,NO,NO,NO,NONE
SI48,Arden Heights,Staten Island,"26,482","14,646.03","9,048",1.81,40,0.82,High,0.78,High,0.03,Low,2,Medium Low,1,Low,1,Low,0.03,Low,1,1,0,0,0,false,913,"9,048","9,961",249,Medium Low,"25,908",87,730,0,0,false,0,2,8,0,Low,58,0,4,0,1,0,0,0,15,0.38,Low,0,N/A,1,1,1,0,Above Ground (Utility Pole Presence),Low,3,Low,0.86,Medium Low,Low,High,NO,0,139,0,NO,NO,NO,NO,NONE
SI54,Great Kills,Staten Island,"43,602","13,564.82","15,221",3.21,79,0.82,High,0.74,Medium High,0.03,Low,2,Medium High,1.1,Low,3,Medium High,0.03,Low,1,1,2,2,0,false,665,"15,221","15,886",201,Low,"41,197",244,"1,114",0,0,false,0,5,27,0,Low,159,25,13,0,0,0,0,1,37,0.48,Medium Low,0,N/A,1,1,0.93,0,Above Ground (Utility Pole Presence),Low,3,Low,1.39,Medium High,Low,High,NO,0,246,0,NO,NO,NO,NO,NONE
SI99,park-cemetery-etc-Staten Island,Staten Island,7,8.13,0,0.86,8,0,Low,0,Low,0,Low,1.3,Low,1,Low,1,Low,0.88,High,0.18,0.18,0,0,0,false,,,,,,,,,,,,,,,,,,,,,,,0,0,0,0,Low,,,,,,,,,,,,,,,,,,,,,,,
